k,state_hex,state_u16,interval_level,delta_t_s,width_level,ref_width_s
1,0xA599,42393,42392,0.17598,3,2.8e-07
2,0x52CC,21196,21195,0.1229875,4,2.9e-07
3,0xA966,43366,43365,0.1784125,12,3.7e-07
4,0x54B3,21683,21682,0.124205,3,2.8e-07
5,0x2A59,10841,10840,0.09710000000000001,13,3.8e-07
6,0x952C,38188,38187,0.1654675,7,3.2e-07
7,0x4A96,19094,19093,0.1177325,13,3.8e-07
8,0x254B,9547,9546,0.093865,13,3.8e-07
9,0x12A5,4773,4772,0.08193,12,3.7e-07
10,0x8952,35154,35153,0.1578825,12,3.7e-07
11,0xC4A9,50345,50344,0.19586,13,3.8e-07
12,0x6254,25172,25171,0.1329275,6,3.1e-07
13,0x312A,12586,12585,0.1014625,12,3.7e-07
14,0x9895,39061,39060,0.16765,13,3.8e-07
15,0x4C4A,19530,19529,0.1188225,10,3.5e-07
16,0x2625,9765,9764,0.09441000000000001,6,3.1e-07
17,0x1312,4882,4881,0.08220250000000001,2,2.7e-07
18,0x0989,2441,2440,0.0761,4,2.9e-07
19,0x04C4,1220,1219,0.0730475,5,3e-07
20,0x0262,610,609,0.0715225,15,4e-07
21,0x0131,305,304,0.07076,10,3.5e-07
22,0x8098,32920,32919,0.1522975,15,4e-07
23,0x404C,16460,16459,0.1111475,12,3.7e-07
24,0xA026,40998,40997,0.1724925,13,3.8e-07
25,0xD013,53267,53266,0.203165,0,2.5e-07
26,0x6809,26633,26632,0.13658,7,3.2e-07
27,0x3404,13316,13315,0.1032875,15,4e-07
28,0x9A02,39426,39425,0.1685625,13,3.8e-07
29,0xCD01,52481,52480,0.2012,9,3.4e-07
30,0xE680,59008,59007,0.2175175,15,4e-07
31,0x7340,29504,29503,0.1437575,9,3.4e-07
32,0x39A0,14752,14751,0.1068775,15,4e-07
33,0x1CD0,7376,7375,0.0884375,9,3.4e-07
34,0x8E68,36456,36455,0.1611375,11,3.6e-07
35,0xC734,50996,50995,0.1974875,12,3.7e-07
36,0xE39A,58266,58265,0.2156625,4,2.9e-07
37,0x71CD,29133,29132,0.14283,2,2.7e-07
38,0xB8E6,47334,47333,0.1883325,14,3.9e-07
39,0x5C73,23667,23666,0.129165,1,2.6e-07
40,0xAE39,44601,44600,0.1815,13,3.8e-07
41,0xD71C,55068,55067,0.2076675,11,3.6e-07
42,0xEB8E,60302,60301,0.2207525,9,3.4e-07
43,0xF5C7,62919,62918,0.227295,7,3.2e-07
44,0xFAE3,64227,64226,0.230565,14,3.9e-07
45,0x7D71,32113,32112,0.15028,10,3.5e-07
46,0x3EB8,16056,16055,0.1101375,13,3.8e-07
47,0x1F5C,8028,8027,0.09006750000000001,4,2.9e-07
48,0x8FAE,36782,36781,0.1619525,15,4e-07
49,0xC7D7,51159,51158,0.197895,14,3.9e-07
50,0x63EB,25579,25578,0.133945,10,3.5e-07
51,0xB1F5,45557,45556,0.18389,0,2.5e-07
52,0x58FA,22778,22777,0.1269425,4,2.9e-07
53,0x2C7D,11389,11388,0.09847,7,3.2e-07
54,0x963E,38462,38461,0.1661525,4,2.9e-07
55,0x4B1F,19231,19230,0.118075,8,3.3e-07
56,0xA58F,42383,42382,0.175955,14,3.9e-07
57,0x52C7,21191,21190,0.122975,3,2.8e-07
58,0x2963,10595,10594,0.09648500000000002,8,3.3e-07
59,0x94B1,38065,38064,0.16516,14,3.9e-07
60,0xCA58,51800,51799,0.1994975,13,3.8e-07
61,0x652C,25900,25899,0.1347475,2,2.7e-07
62,0x3296,12950,12949,0.1023725,13,3.8e-07
63,0x994B,39243,39242,0.168105,3,2.8e-07
64,0x4CA5,19621,19620,0.11905,14,3.9e-07
65,0xA652,42578,42577,0.1764425,13,3.8e-07
66,0xD329,54057,54056,0.20514,5,3e-07
67,0x6994,27028,27027,0.1375675,14,3.9e-07
68,0xB4CA,46282,46281,0.1857025,15,4e-07
69,0xDA65,55909,55908,0.20977,2,2.7e-07
70,0xED32,60722,60721,0.2218025,8,3.3e-07
71,0xF699,63129,63128,0.22782,0,2.5e-07
72,0xFB4C,64332,64331,0.2308275,10,3.5e-07
73,0xFDA6,64934,64933,0.2323325,4,2.9e-07
74,0xFED3,65235,65234,0.233085,0,2.5e-07
75,0x7F69,32617,32616,0.15154,8,3.3e-07
76,0x3FB4,16308,16307,0.1107675,9,3.4e-07
77,0x1FDA,8154,8153,0.0903825,0,2.5e-07
78,0x8FED,36845,36844,0.16211,8,3.3e-07
79,0x47F6,18422,18421,0.1160525,10,3.5e-07
80,0xA3FB,41979,41978,0.174945,14,3.9e-07
81,0x51FD,20989,20988,0.12247,6,3.1e-07
82,0x28FE,10494,10493,0.09623250000000001,1,2.6e-07
83,0x147F,5247,5246,0.08311500000000001,14,3.9e-07
84,0x8A3F,35391,35390,0.158475,2,2.7e-07
85,0x451F,17695,17694,0.114235,3,2.8e-07
86,0x228F,8847,8846,0.092115,2,2.7e-07
87,0x1147,4423,4422,0.081055,0,2.5e-07
88,0x88A3,34979,34978,0.157445,5,3e-07
89,0x4451,17489,17488,0.11372,4,2.9e-07
90,0x2228,8744,8743,0.09185750000000001,6,3.1e-07
91,0x9114,37140,37139,0.1628475,11,3.6e-07
92,0x488A,18570,18569,0.1164225,11,3.6e-07
93,0x2445,9285,9284,0.09321000000000002,8,3.3e-07
94,0x1222,4642,4641,0.08160250000000001,12,3.7e-07
95,0x0911,2321,2320,0.07580000000000001,15,4e-07
96,0x0488,1160,1159,0.0728975,1,2.6e-07
97,0x0244,580,579,0.07144750000000001,14,3.9e-07
98,0x0122,290,289,0.07072250000000001,7,3.2e-07
99,0x0091,145,144,0.07036000000000001,13,3.8e-07
100,0x8048,32840,32839,0.1520975,4,2.9e-07
101,0x4024,16420,16419,0.1110475,8,3.3e-07
102,0xA012,40978,40977,0.1724425,5,3e-07
103,0xD009,53257,53256,0.20314,11,3.6e-07
104,0x6804,26628,26627,0.1365675,5,3e-07
105,0xB402,46082,46081,0.1852025,14,3.9e-07
106,0xDA01,55809,55808,0.20952,0,2.5e-07
107,0xED00,60672,60671,0.2216775,5,3e-07
108,0xF680,63104,63103,0.2277575,14,3.9e-07
109,0x7B40,31552,31551,0.1488775,8,3.3e-07
110,0xBDA0,48544,48543,0.1913575,9,3.4e-07
111,0x5ED0,24272,24271,0.1306775,9,3.4e-07
112,0x2F68,12136,12135,0.1003375,5,3e-07
113,0x17B4,6068,6067,0.08516750000000001,0,2.5e-07
114,0x0BDA,3034,3033,0.07758250000000001,3,2.8e-07
115,0x85ED,34285,34284,0.15571,1,2.6e-07
116,0xC2F6,49910,49909,0.1947725,14,3.9e-07
117,0xE17B,57723,57722,0.214305,15,4e-07
118,0xF0BD,61629,61628,0.22407,10,3.5e-07
119,0xF85E,63582,63581,0.2289525,9,3.4e-07
120,0xFC2F,64559,64558,0.231395,1,2.6e-07
121,0x7E17,32279,32278,0.150695,3,2.8e-07
122,0x3F0B,16139,16138,0.110345,7,3.2e-07
123,0x9F85,40837,40836,0.17209,13,3.8e-07
124,0x4FC2,20418,20417,0.1210425,3,2.8e-07
125,0x27E1,10209,10208,0.09552000000000001,3,2.8e-07
126,0x13F0,5104,5103,0.08275750000000001,4,2.9e-07
127,0x09F8,2552,2551,0.0763775,14,3.9e-07
128,0x84FC,34044,34043,0.1551075,15,4e-07
129,0x427E,17022,17021,0.1125525,9,3.4e-07
130,0xA13F,41279,41278,0.173195,1,2.6e-07
131,0x509F,20639,20638,0.121595,3,2.8e-07
132,0x284F,10319,10318,0.09579500000000001,8,3.3e-07
133,0x9427,37927,37926,0.164815,2,2.7e-07
134,0xCA13,51731,51730,0.199325,8,3.3e-07
135,0xE509,58633,58632,0.21658,2,2.7e-07
136,0xF284,62084,62083,0.2252075,8,3.3e-07
137,0x7942,31042,31041,0.1476025,1,2.6e-07
138,0xBCA1,48289,48288,0.19072,15,4e-07
139,0xDE50,56912,56911,0.2122775,12,3.7e-07
140,0x6F28,28456,28455,0.1411375,15,4e-07
141,0xB794,46996,46995,0.1874875,8,3.3e-07
142,0xDBCA,56266,56265,0.2106625,6,3.1e-07
143,0x6DE5,28133,28132,0.14033,6,3.1e-07
144,0x36F2,14066,14065,0.1051625,13,3.8e-07
145,0x9B79,39801,39800,0.1695,6,3.1e-07
146,0x4DBC,19900,19899,0.1197475,2,2.7e-07
147,0x26DE,9950,9949,0.09487250000000001,14,3.9e-07
148,0x936F,37743,37742,0.164355,10,3.5e-07
149,0xC9B7,51639,51638,0.199095,3,2.8e-07
150,0xE4DB,58587,58586,0.216465,10,3.5e-07
151,0xF26D,62061,62060,0.22515,9,3.4e-07
152,0xF936,63798,63797,0.2294925,15,4e-07
153,0xFC9B,64667,64666,0.231665,8,3.3e-07
154,0x7E4D,32333,32332,0.15083,10,3.5e-07
155,0x3F26,16166,16165,0.1104125,1,2.6e-07
156,0x1F93,8083,8082,0.09020500000000001,4,2.9e-07
157,0x0FC9,4041,4040,0.0801,12,3.7e-07
158,0x07E4,2020,2019,0.0750475,11,3.6e-07
159,0x03F2,1010,1009,0.0725225,4,2.9e-07
160,0x01F9,505,504,0.07126,11,3.6e-07
161,0x80FC,33020,33019,0.1525475,13,3.8e-07
162,0x407E,16510,16509,0.1112725,1,2.6e-07
163,0xA03F,41023,41022,0.172555,3,2.8e-07
164,0x501F,20511,20510,0.121275,2,2.7e-07
165,0x280F,10255,10254,0.09563500000000001,10,3.5e-07
166,0x9407,37895,37894,0.164735,6,3.1e-07
167,0xCA03,51715,51714,0.199285,0,2.5e-07
168,0xE501,58625,58624,0.21656,0,2.5e-07
169,0xF280,62080,62079,0.2251975,12,3.7e-07
170,0x7940,31040,31039,0.1475975,0,2.5e-07
171,0xBCA0,48288,48287,0.1907175,11,3.6e-07
172,0x5E50,24144,24143,0.1303575,8,3.3e-07
173,0x2F28,12072,12071,0.1001775,7,3.2e-07
174,0x1794,6036,6035,0.08508750000000001,4,2.9e-07
175,0x0BCA,3018,3017,0.07754250000000001,11,3.6e-07
176,0x85E5,34277,34276,0.15569,3,2.8e-07
177,0xC2F2,49906,49905,0.1947625,10,3.5e-07
178,0xE179,57721,57720,0.2143,14,3.9e-07
179,0xF0BC,61628,61627,0.2240675,14,3.9e-07
180,0x785E,30814,30813,0.1470325,13,3.8e-07
181,0xBC2F,48175,48174,0.190435,9,3.4e-07
182,0xDE17,56855,56854,0.212135,15,4e-07
183,0xEF0B,61195,61194,0.222985,10,3.5e-07
184,0x7785,30597,30596,0.14649,8,3.3e-07
185,0xBBC2,48066,48065,0.1901625,4,2.9e-07
186,0x5DE1,24033,24032,0.13008,11,3.6e-07
187,0xAEF0,44784,44783,0.1819575,8,3.3e-07
188,0x5778,22392,22391,0.1259775,13,3.8e-07
189,0xABBC,43964,43963,0.1799075,12,3.7e-07
190,0x55DE,21982,21981,0.1249525,5,3e-07
191,0xAAEF,43759,43758,0.179395,1,2.6e-07
192,0xD577,54647,54646,0.206615,2,2.7e-07
193,0x6ABB,27323,27322,0.138305,3,2.8e-07
194,0x355D,13661,13660,0.10415,1,2.6e-07
195,0x1AAE,6830,6829,0.08707250000000001,10,3.5e-07
196,0x8D57,36183,36182,0.160455,14,3.9e-07
197,0x46AB,18091,18090,0.115225,0,2.5e-07
198,0x2355,9045,9044,0.09261000000000001,8,3.3e-07
199,0x11AA,4522,4521,0.08130250000000001,5,3e-07
200,0x08D5,2261,,,10,3.5e-07
