ConditionOrdinal,ConditionCode,Scene,HPRF_Hz,HPRF_kHz,FDelay_s,FDelay_us
0,NI,NI,,,,
1,H100,HPRF,100000.0,100.0,,
2,H200,HPRF,200000.0,200.0,,
3,H300,HPRF,300000.0,300.0,,
4,H400,HPRF,400000.0,400.0,,
5,H500,HPRF,500000.0,500.0,,
6,F1,IDF,,,1e-06,1.0
7,F2,IDF,,,2e-06,2.0
8,F3,IDF,,,3e-06,3.0
9,F4,IDF,,,4e-06,4.0
10,HF200-1,COMPOSITE,200000.0,200.0,1e-06,1.0
11,HF200-2,COMPOSITE,200000.0,200.0,2e-06,2.0
12,HF200-3,COMPOSITE,200000.0,200.0,3e-06,3.0
13,HF300-1,COMPOSITE,300000.0,300.0,1e-06,1.0
14,HF300-2,COMPOSITE,300000.0,300.0,2e-06,2.0
15,HF300-3,COMPOSITE,300000.0,300.0,3e-06,3.0
16,HF500-1,COMPOSITE,500000.0,500.0,1e-06,1.0
17,HF500-2,COMPOSITE,500000.0,500.0,2e-06,2.0
18,HF500-3,COMPOSITE,500000.0,500.0,3e-06,3.0
