ConditionOrdinal,ConditionCode,ContrastOrdinal,ContrastCode,ComparatorMethod,Metric,PointEstimateTW,PointEstimateComparator,DeltaPoint,DeltaPointDefined,DeltaPointUndefinedReason,BootstrapB,DefinedBootstrapCount,UndefinedBootstrapCount,DefinedFraction,CI95Defined,CI95UndefinedReason,CI95Lower,CI95Upper,CI95Width,MaxOneSidedHalfWidth,Stage8PrecisionContractApplicable,Stage8TargetHalfWidth,MeetsStage8PrecisionTarget,Scene,HPRF_Hz,HPRF_kHz,FDelay_s,FDelay_us,ComparatorMethodNameZH,MetricPreferredDirection,CIPositionRelativeToZero
1,H100,0,TW-T,T,P_cor,0.9827225,0.6665325,0.3161900000000001,True,,2000,2000,0,1.0,True,,0.309313125,0.32316787500000005,0.013854750000000027,0.006977874999999967,True,0.02,True,HPRF,100000.0,100.0,,,最优时序准则,HIGHER,POSITIVE
1,H100,0,TW-T,T,P_C_given_C,0.9841841652455596,0.7833487232639216,0.20083544198163805,True,,2000,2000,0,1.0,True,,0.19924846734468063,0.20234917667829638,0.003100709333615753,0.0015869746369574222,True,0.02,True,HPRF,100000.0,100.0,,,最优时序准则,HIGHER,POSITIVE
1,H100,0,TW-T,T,P_C_given_E,0.8982976865997381,0.43119653288110044,0.46710115371863764,True,,2000,2000,0,1.0,True,,0.39543819719285,0.5225193062491542,0.1270811090563042,0.07166295652578764,True,0.02,False,HPRF,100000.0,100.0,,,最优时序准则,HIGHER,POSITIVE
1,H100,0,TW-T,T,Mean_L_NC,1.1125241468126208,2.302912587835155,-1.190388441022534,True,,2000,2000,0,1.0,True,,-1.2893924707814233,-1.0822843482550544,0.2071081225263689,0.10810409276747968,True,0.25,True,HPRF,100000.0,100.0,,,最优时序准则,LOWER,NEGATIVE
1,H100,1,TW-W,W,P_cor,0.9827225,0.9282525,0.05447000000000002,True,,2000,2000,0,1.0,True,,0.04973199999999996,0.05915093750000003,0.009418937500000071,0.004738000000000062,False,,,HPRF,100000.0,100.0,,,脉宽单特征准则,HIGHER,POSITIVE
1,H100,1,TW-W,W,P_C_given_C,0.9841841652455596,0.9685808470099164,0.015603318235643204,True,,2000,2000,0,1.0,True,,0.015111070705848462,0.016121962080318977,0.0010108913744705152,0.000518643844675773,False,,,HPRF,100000.0,100.0,,,脉宽单特征准则,HIGHER,POSITIVE
1,H100,1,TW-W,W,P_C_given_E,0.8982976865997381,0.4028128507295174,0.4954848358702207,True,,2000,2000,0,1.0,True,,0.42316555873475953,0.5510778295595157,0.12791227082475615,0.07231927713546116,False,,,HPRF,100000.0,100.0,,,脉宽单特征准则,HIGHER,POSITIVE
1,H100,1,TW-W,W,Mean_L_NC,1.1125241468126208,2.4587902673063744,-1.3462661204937536,True,,2000,2000,0,1.0,True,,-1.5200786809070257,-1.1710004639854046,0.3490782169216211,0.17526565650834902,False,,,HPRF,100000.0,100.0,,,脉宽单特征准则,LOWER,NEGATIVE
2,H200,0,TW-T,T,P_cor,0.9702325,0.3542525,0.61598,True,,2000,2000,0,1.0,True,,0.6088885624999999,0.62341325,0.014524687500000133,0.007433250000000058,True,0.02,True,HPRF,200000.0,200.0,,,最优时序准则,HIGHER,POSITIVE
2,H200,0,TW-T,T,P_C_given_C,0.9717518367262378,0.6038575457392684,0.36789429098696935,True,,2000,2000,0,1.0,True,,0.3654165676754619,0.3705389851850533,0.005122417509591415,0.002644694198083941,True,0.02,True,HPRF,200000.0,200.0,,,最优时序准则,HIGHER,POSITIVE
2,H200,0,TW-T,T,P_C_given_E,0.9215256096531939,0.21550643506154768,0.7060191745916462,True,,2000,2000,0,1.0,True,,0.6564561892656401,0.7480276458355262,0.09157145656988608,0.049562985326006115,True,0.02,False,HPRF,200000.0,200.0,,,最优时序准则,HIGHER,POSITIVE
2,H200,0,TW-T,T,Mean_L_NC,1.0847226018037714,4.548879065917617,-3.464156464113845,True,,2000,2000,0,1.0,True,,-3.622209951310425,-3.3200052473754895,0.30220470393493537,0.15805348719657974,True,0.25,True,HPRF,200000.0,200.0,,,最优时序准则,LOWER,NEGATIVE
2,H200,1,TW-W,W,P_cor,0.9702325,0.9009825,0.06925000000000003,True,,2000,2000,0,1.0,True,,0.06310724999999999,0.07555531250000004,0.012448062500000051,0.006305312500000007,False,,,HPRF,200000.0,200.0,,,脉宽单特征准则,HIGHER,POSITIVE
2,H200,1,TW-W,W,P_C_given_C,0.9717518367262378,0.9585211952899975,0.013230641436240309,True,,2000,2000,0,1.0,True,,0.01270191124589605,0.01374681240695301,0.0010449011610569603,0.0005287301903442593,False,,,HPRF,200000.0,200.0,,,脉宽单特征准则,HIGHER,POSITIVE
2,H200,1,TW-W,W,P_C_given_E,0.9215256096531939,0.37409487029650146,0.5474307393566924,True,,2000,2000,0,1.0,True,,0.4918414569791376,0.5964249627552253,0.10458350577608766,0.05558928237755478,False,,,HPRF,200000.0,200.0,,,脉宽单特征准则,HIGHER,POSITIVE
2,H200,1,TW-W,W,Mean_L_NC,1.0847226018037714,2.6454047555436815,-1.56068215373991,True,,2000,2000,0,1.0,True,,-1.7484777628185992,-1.3821334300999706,0.36634433271862865,0.1877956090786892,False,,,HPRF,200000.0,200.0,,,脉宽单特征准则,LOWER,NEGATIVE
3,H300,0,TW-T,T,P_cor,0.9649675,0.2452625,0.719705,True,,2000,2000,0,1.0,True,,0.7136484375,0.725302625,0.011654187500000024,0.0060565625000000844,True,0.02,True,HPRF,300000.0,300.0,,,最优时序准则,HIGHER,POSITIVE
3,H300,0,TW-T,T,P_C_given_C,0.9650280822078318,0.4896518563229562,0.47537622588487555,True,,2000,2000,0,1.0,True,,0.47215967417992,0.4788437347683474,0.00668406058842741,0.0034675088834718593,True,0.02,True,HPRF,300000.0,300.0,,,最优时序准则,HIGHER,POSITIVE
3,H300,0,TW-T,T,P_C_given_E,0.9622195139436519,0.16420485390653883,0.7980146600371131,True,,2000,2000,0,1.0,True,,0.7834424043252695,0.810515303372578,0.027072899047308585,0.014572255711843618,True,0.02,True,HPRF,300000.0,300.0,,,最优时序准则,HIGHER,POSITIVE
3,H300,0,TW-T,T,Mean_L_NC,1.039077561916061,5.925900480910786,-4.886822918994725,True,,2000,2000,0,1.0,True,,-5.06372297689879,-4.709742969711734,0.35398000718705536,0.17707994928299087,True,0.25,True,HPRF,300000.0,300.0,,,最优时序准则,LOWER,NEGATIVE
3,H300,1,TW-W,W,P_cor,0.9649675,0.8850925,0.07987500000000003,True,,2000,2000,0,1.0,True,,0.07303068749999994,0.08664274999999996,0.013612062500000022,0.006844312500000088,False,,,HPRF,300000.0,300.0,,,脉宽单特征准则,HIGHER,POSITIVE
3,H300,1,TW-W,W,P_C_given_C,0.9650280822078318,0.9526158632121529,0.012412218995678903,True,,2000,2000,0,1.0,True,,0.011869039358837343,0.012956189663273518,0.0010871503044361745,0.0005439706675946145,False,,,HPRF,300000.0,300.0,,,脉宽单特征准则,HIGHER,POSITIVE
3,H300,1,TW-W,W,P_C_given_E,0.9622195139436519,0.3611889336368412,0.6010305803068108,True,,2000,2000,0,1.0,True,,0.572947771562821,0.6269008987886188,0.053953127225797815,0.02808280874398983,False,,,HPRF,300000.0,300.0,,,脉宽单特征准则,HIGHER,POSITIVE
3,H300,1,TW-W,W,Mean_L_NC,1.039077561916061,2.7396435596352147,-1.7005659977191536,True,,2000,2000,0,1.0,True,,-1.8793936895587986,-1.517275275955437,0.3621184136033615,0.18329072176371652,False,,,HPRF,300000.0,300.0,,,脉宽单特征准则,LOWER,NEGATIVE
4,H400,0,TW-T,T,P_cor,0.9610625,0.20644,0.7546225,True,,2000,2000,0,1.0,True,,0.7496193124999999,0.7594601875,0.009840875000000082,0.005003187500000061,True,0.02,True,HPRF,400000.0,400.0,,,最优时序准则,HIGHER,POSITIVE
4,H400,0,TW-T,T,P_C_given_C,0.9607943612482222,0.4216883574544615,0.5391060037937607,True,,2000,2000,0,1.0,True,,0.5356341734896523,0.5427830425600162,0.007148869070363939,0.0036770387662554693,True,0.02,True,HPRF,400000.0,400.0,,,最优时序准则,HIGHER,POSITIVE
4,H400,0,TW-T,T,P_C_given_E,0.9680727554179567,0.1491762932085763,0.8188964622093804,True,,2000,2000,0,1.0,True,,0.8124855700138134,0.8250983310637093,0.012612761049895949,0.006410892195567008,True,0.02,True,HPRF,400000.0,400.0,,,最优时序准则,HIGHER,POSITIVE
4,H400,0,TW-T,T,Mean_L_NC,1.0328249336870026,6.502857845246144,-5.470032911559141,True,,2000,2000,0,1.0,True,,-5.651638253836979,-5.285243691743565,0.36639456209341414,0.18478921981557583,True,0.25,True,HPRF,400000.0,400.0,,,最优时序准则,LOWER,NEGATIVE
4,H400,1,TW-W,W,P_cor,0.9610625,0.8741925,0.08687,True,,2000,2000,0,1.0,True,,0.07945968749999997,0.09475531249999992,0.015295624999999952,0.007885312499999922,False,,,HPRF,400000.0,400.0,,,脉宽单特征准则,HIGHER,POSITIVE
4,H400,1,TW-W,W,P_C_given_C,0.9607943612482222,0.9493153243767513,0.011479036871470893,True,,2000,2000,0,1.0,True,,0.01097485051143241,0.011943595103043322,0.0009687445916109119,0.0005041863600384836,False,,,HPRF,400000.0,400.0,,,脉宽单特征准则,HIGHER,POSITIVE
4,H400,1,TW-W,W,P_C_given_E,0.9680727554179567,0.3487656171914043,0.6193071382265524,True,,2000,2000,0,1.0,True,,0.5942807992168777,0.6429668415096649,0.04868604229278717,0.02502633900967466,False,,,HPRF,400000.0,400.0,,,脉宽单特征准则,HIGHER,POSITIVE
4,H400,1,TW-W,W,Mean_L_NC,1.0328249336870026,2.835897435897436,-1.8030725022104335,True,,2000,2000,0,1.0,True,,-1.999558687979647,-1.6218922243983955,0.37766646358125144,0.1964861857692135,False,,,HPRF,400000.0,400.0,,,脉宽单特征准则,LOWER,NEGATIVE
5,H500,0,TW-T,T,P_cor,0.958395,0.17339,0.785005,True,,2000,2000,0,1.0,True,,0.7809194374999999,0.789530125,0.008610687500000047,0.004525125000000019,True,0.02,True,HPRF,500000.0,500.0,,,最优时序准则,HIGHER,POSITIVE
5,H500,0,TW-T,T,P_C_given_C,0.9578651538110643,0.37102069743560073,0.5868444563754636,True,,2000,2000,0,1.0,True,,0.5830369592603495,0.5903971645549968,0.007360205294647315,0.003807497115114078,True,0.02,True,HPRF,500000.0,500.0,,,最优时序准则,HIGHER,POSITIVE
5,H500,0,TW-T,T,P_C_given_E,0.9705278415267544,0.13091853397027925,0.8396093075564752,True,,2000,2000,0,1.0,True,,0.835390073492722,0.8444259996377811,0.009035926145059103,0.004816692081305862,True,0.02,True,HPRF,500000.0,500.0,,,最优时序准则,HIGHER,POSITIVE
5,H500,0,TW-T,T,Mean_L_NC,1.0302092361025132,7.374356000624484,-6.344146764521971,True,,2000,2000,0,1.0,True,,-6.567391426397813,-6.15041080267213,0.41698062372568323,0.22324466187584147,True,0.25,True,HPRF,500000.0,500.0,,,最优时序准则,LOWER,NEGATIVE
5,H500,1,TW-W,W,P_cor,0.958395,0.877695,0.0807,True,,2000,2000,0,1.0,True,,0.07396237499999993,0.08741012499999999,0.013447750000000064,0.0067376250000000665,False,,,HPRF,500000.0,500.0,,,脉宽单特征准则,HIGHER,POSITIVE
5,H500,1,TW-W,W,P_C_given_C,0.9578651538110643,0.9476478450385372,0.010217308772527134,True,,2000,2000,0,1.0,True,,0.009709971838512927,0.010705575086622418,0.0009956032481094907,0.0005073369340142068,False,,,HPRF,500000.0,500.0,,,脉宽单特征准则,HIGHER,POSITIVE
5,H500,1,TW-W,W,P_C_given_E,0.9705278415267544,0.3718130748811655,0.598714766645589,True,,2000,2000,0,1.0,True,,0.5743504267723757,0.6209506638197047,0.04660023704732896,0.024364339873213292,False,,,HPRF,500000.0,500.0,,,脉宽单特征准则,HIGHER,POSITIVE
5,H500,1,TW-W,W,Mean_L_NC,1.0302092361025132,2.6596716320539304,-1.6294623959514172,True,,2000,2000,0,1.0,True,,-1.7956820683835761,-1.47022642340846,0.32545564497511603,0.16621967243215896,False,,,HPRF,500000.0,500.0,,,脉宽单特征准则,LOWER,NEGATIVE
6,F1,0,TW-T,T,P_cor,0.4990575,0.50142,-0.0023624999999999896,True,,2000,2000,0,1.0,True,,-0.004480187499999985,-0.0003150000000000638,0.0041651874999999216,0.0021176874999999954,True,0.02,True,IDF,,,1e-06,1.0,最优时序准则,HIGHER,NEGATIVE
6,F1,0,TW-T,T,P_C_given_C,0.5485982437766858,0.5589596881669789,-0.010361444390293184,True,,2000,2000,0,1.0,True,,-0.012987890560732273,-0.0076567648315393885,0.005331125729192885,0.0027046795587537956,True,0.02,True,IDF,,,1e-06,1.0,最优时序准则,HIGHER,NEGATIVE
6,F1,0,TW-T,T,P_C_given_E,0.4491303562831006,0.4427940687277602,0.006336287555340381,True,,2000,2000,0,1.0,True,,0.0036472904912541572,0.00882269450515215,0.005175404013897993,0.0026889970640862236,True,0.02,True,IDF,,,1e-06,1.0,最优时序准则,HIGHER,POSITIVE
6,F1,0,TW-T,T,Mean_L_NC,2.2131812056815923,2.243859629383769,-0.030678423702176882,True,,2000,2000,0,1.0,True,,-0.04298652144491273,-0.01727761721146035,0.02570890423345238,0.013400806490716531,True,0.25,True,IDF,,,1e-06,1.0,最优时序准则,LOWER,NEGATIVE
6,F1,1,TW-W,W,P_cor,0.4990575,0.5001325,-0.0010749999999999926,True,,2000,2000,0,1.0,True,,-0.0027200624999999994,0.0006200624999999554,0.0033401249999999547,0.001695062499999948,False,,,IDF,,,1e-06,1.0,脉宽单特征准则,HIGHER,INCLUDES_ZERO
6,F1,1,TW-W,W,P_C_given_C,0.5485982437766858,0.4998392202180576,0.048759023558628156,True,,2000,2000,0,1.0,True,,0.046247761702289565,0.05131859759575519,0.005070835893465624,0.0025595740371270326,False,,,IDF,,,1e-06,1.0,脉宽单特征准则,HIGHER,POSITIVE
6,F1,1,TW-W,W,P_C_given_E,0.4491303562831006,0.5002512941649495,-0.051120937881848905,True,,2000,2000,0,1.0,True,,-0.05361001231120672,-0.048568336526308396,0.005041675784898322,0.0025526013555405083,False,,,IDF,,,1e-06,1.0,脉宽单特征准则,HIGHER,NEGATIVE
6,F1,1,TW-W,W,Mean_L_NC,2.2131812056815923,1.9892848615090735,0.2238963441725188,True,,2000,2000,0,1.0,True,,0.21271473555913695,0.2351591800784491,0.022444444519312157,0.011262835905930302,False,,,IDF,,,1e-06,1.0,脉宽单特征准则,LOWER,POSITIVE
7,F2,0,TW-T,T,P_cor,0.5038225,0.504505,-0.0006825000000000303,True,,2000,2000,0,1.0,True,,-0.0035204374999999676,0.0021101874999999454,0.0056306249999999135,0.0028379374999999373,True,0.02,True,IDF,,,2e-06,2.0,最优时序准则,HIGHER,INCLUDES_ZERO
7,F2,0,TW-T,T,P_C_given_C,0.6776793150049619,0.7054563926849675,-0.02777707768000559,True,,2000,2000,0,1.0,True,,-0.03012531276581911,-0.02555346690506211,0.004571845860757002,0.00234823508581352,True,0.02,True,IDF,,,2e-06,2.0,最优时序准则,HIGHER,NEGATIVE
7,F2,0,TW-T,T,P_C_given_E,0.3251330561646402,0.29738651576000974,0.027746540404630482,True,,2000,2000,0,1.0,True,,0.02510664171512377,0.03020629918592611,0.005099657470802339,0.0026398986895067103,True,0.02,True,IDF,,,2e-06,2.0,最优时序准则,HIGHER,POSITIVE
7,F2,0,TW-T,T,Mean_L_NC,3.0438936858733494,3.323406609990442,-0.2795129241170926,True,,2000,2000,0,1.0,True,,-0.30564664298384814,-0.25326249962094277,0.05238414336290537,0.026250424496149838,True,0.25,True,IDF,,,2e-06,2.0,最优时序准则,LOWER,NEGATIVE
7,F2,1,TW-W,W,P_cor,0.5038225,0.4996725,0.0041499999999999315,True,,2000,2000,0,1.0,True,,0.0017321875000000236,0.006522624999999987,0.004790437499999963,0.002417812499999908,False,,,IDF,,,2e-06,2.0,脉宽单特征准则,HIGHER,POSITIVE
7,F2,1,TW-W,W,P_C_given_C,0.6776793150049619,0.49960279950928144,0.1780765154956805,True,,2000,2000,0,1.0,True,,0.17550717085474343,0.1807998037250871,0.005292632870343678,0.002723288229406623,False,,,IDF,,,2e-06,2.0,脉宽单特征准则,HIGHER,POSITIVE
7,F2,1,TW-W,W,P_C_given_E,0.3251330561646402,0.49980412640376076,-0.17467107023912054,True,,2000,2000,0,1.0,True,,-0.17742050026969935,-0.17192560500431747,0.005494895265381883,0.0027494300305788144,False,,,IDF,,,2e-06,2.0,脉宽单特征准则,HIGHER,NEGATIVE
7,F2,1,TW-W,W,Mean_L_NC,3.0438936858733494,1.9906005689391075,1.0532931169342419,True,,2000,2000,0,1.0,True,,1.0333960629451937,1.0749545050754237,0.04155844213022997,0.021661388141181792,False,,,IDF,,,2e-06,2.0,脉宽单特征准则,LOWER,POSITIVE
8,F3,0,TW-T,T,P_cor,0.5063775,0.5061125,0.00026500000000007073,True,,2000,2000,0,1.0,True,,-0.004250187499999977,0.004657749999999979,0.008907937499999956,0.004515187500000048,True,0.02,True,IDF,,,3e-06,3.0,最优时序准则,HIGHER,INCLUDES_ZERO
8,F3,0,TW-T,T,P_C_given_C,0.8193418434931015,0.8515391145065452,-0.03219727101344372,True,,2000,2000,0,1.0,True,,-0.03410878384137935,-0.030358715495932994,0.0037500683454463578,0.0019115128279356339,True,0.02,True,IDF,,,3e-06,3.0,最优时序准则,HIGHER,NEGATIVE
8,F3,0,TW-T,T,P_C_given_E,0.18184965154222474,0.14836710709070836,0.03348254445151638,True,,2000,2000,0,1.0,True,,0.03156386051757436,0.03537603220935592,0.0038121716917815657,0.0019186839339420253,True,0.02,True,IDF,,,3e-06,3.0,最优时序准则,HIGHER,POSITIVE
8,F3,0,TW-T,T,Mean_L_NC,5.37510208526161,6.54936347964461,-1.1742613943829996,True,,2000,2000,0,1.0,True,,-1.2448994871338643,-1.1004454708611873,0.14445401627267707,0.07381592352181232,True,0.25,True,IDF,,,3e-06,3.0,最优时序准则,LOWER,NEGATIVE
8,F3,1,TW-W,W,P_cor,0.5063775,0.501785,0.004592499999999999,True,,2000,2000,0,1.0,True,,0.0008472500000000022,0.008255812500000008,0.007408562500000005,0.0037452499999999973,False,,,IDF,,,3e-06,3.0,脉宽单特征准则,HIGHER,POSITIVE
8,F3,1,TW-W,W,P_C_given_C,0.8193418434931015,0.513844736697188,0.30549710679591346,True,,2000,2000,0,1.0,True,,0.3027120001482516,0.3082277898886347,0.005515789740383081,0.0027851066476618502,False,,,IDF,,,3e-06,3.0,脉宽单特征准则,HIGHER,POSITIVE
8,F3,1,TW-W,W,P_C_given_E,0.18184965154222474,0.489535886687953,-0.30768623514572824,True,,2000,2000,0,1.0,True,,-0.3105174230700379,-0.3050522369890892,0.005465186080948703,0.0028311879243096416,False,,,IDF,,,3e-06,3.0,脉宽单特征准则,HIGHER,NEGATIVE
8,F3,1,TW-W,W,Mean_L_NC,5.37510208526161,2.0317269362912516,3.3433751489703587,True,,2000,2000,0,1.0,True,,3.287592913080911,3.400182806896435,0.11258989381552409,0.05680765792607634,False,,,IDF,,,3e-06,3.0,脉宽单特征准则,LOWER,POSITIVE
9,F4,0,TW-T,T,P_cor,0.5177175,0.52637,-0.008652499999999952,True,,2000,2000,0,1.0,True,,-0.015232562499999982,-0.0024897499999999946,0.012742812499999989,0.00658006250000003,True,0.02,True,IDF,,,4e-06,4.0,最优时序准则,HIGHER,NEGATIVE
9,F4,0,TW-T,T,P_C_given_C,0.9185203517149013,0.9394781048371702,-0.020957753122268885,True,,2000,2000,0,1.0,True,,-0.022091374902321416,-0.019741737815766932,0.002349637086554484,0.0012160153065019531,True,0.02,True,IDF,,,4e-06,4.0,最优时序准则,HIGHER,NEGATIVE
9,F4,0,TW-T,T,P_C_given_E,0.08313707509222401,0.06256632847985737,0.020570746612366644,True,,2000,2000,0,1.0,True,,0.01925445133060231,0.021839576314389222,0.0025851249837869107,0.0013162952817643327,True,0.02,True,IDF,,,4e-06,4.0,最优时序准则,HIGHER,POSITIVE
9,F4,0,TW-T,T,Mean_L_NC,11.384656240778991,14.815984984750138,-3.4313287439711466,True,,2000,2000,0,1.0,True,,-3.662703248958776,-3.188800597440573,0.47390265151820277,0.24252814653057353,True,0.25,True,IDF,,,4e-06,4.0,最优时序准则,LOWER,NEGATIVE
9,F4,1,TW-W,W,P_cor,0.5177175,0.5007875,0.01693,True,,2000,2000,0,1.0,True,,0.011089312499999934,0.022855124999999962,0.011765812500000028,0.005925124999999962,False,,,IDF,,,4e-06,4.0,脉宽单特征准则,HIGHER,POSITIVE
9,F4,1,TW-W,W,P_C_given_C,0.9185203517149013,0.5788805666899108,0.3396397850249905,True,,2000,2000,0,1.0,True,,0.3372180533795426,0.34214352673097254,0.004925473351429954,0.0025037417059820544,False,,,IDF,,,4e-06,4.0,脉宽单特征准则,HIGHER,POSITIVE
9,F4,1,TW-W,W,P_C_given_E,0.08313707509222401,0.4216402321472615,-0.3385031570550375,True,,2000,2000,0,1.0,True,,-0.3409036286014264,-0.3361703074353706,0.004733321166055848,0.0024004715463889492,False,,,IDF,,,4e-06,4.0,脉宽单特征准则,HIGHER,NEGATIVE
9,F4,1,TW-W,W,Mean_L_NC,11.384656240778991,2.355220324589545,9.029435916189446,True,,2000,2000,0,1.0,True,,8.853096913617657,9.20970669113836,0.35660977752070266,0.18027077494891408,False,,,IDF,,,4e-06,4.0,脉宽单特征准则,LOWER,POSITIVE
10,HF200-1,0,TW-T,T,P_cor,0.49161,0.313585,0.178025,True,,2000,2000,0,1.0,True,,0.17399981250000005,0.18216581250000002,0.008165999999999979,0.004140812500000035,True,0.02,True,COMPOSITE,200000.0,200.0,1e-06,1.0,最优时序准则,HIGHER,POSITIVE
10,HF200-1,0,TW-T,T,P_C_given_C,0.5404993816498196,0.4116393980891975,0.12885998356062212,True,,2000,2000,0,1.0,True,,0.1255468126779365,0.13213459306177627,0.006587780383839781,0.003313170882685623,True,0.02,True,COMPOSITE,200000.0,200.0,1e-06,1.0,最优时序准则,HIGHER,POSITIVE
10,HF200-1,0,TW-T,T,P_C_given_E,0.4438013424411076,0.26798495959814156,0.17581638284296602,True,,2000,2000,0,1.0,True,,0.1709172779782764,0.1807722102891471,0.009854932310870701,0.004955827446181088,True,0.02,True,COMPOSITE,200000.0,200.0,1e-06,1.0,最优时序准则,HIGHER,POSITIVE
10,HF200-1,0,TW-T,T,Mean_L_NC,2.2389377607980006,3.679029880745009,-1.4400921199470083,True,,2000,2000,0,1.0,True,,-1.5052635058444255,-1.3793381616741218,0.12592534417030365,0.06517138589741722,True,0.25,True,COMPOSITE,200000.0,200.0,1e-06,1.0,最优时序准则,LOWER,NEGATIVE
10,HF200-1,1,TW-W,W,P_cor,0.49161,0.4698275,0.021782499999999982,True,,2000,2000,0,1.0,True,,0.019152374999999965,0.024525312500000018,0.005372937500000053,0.002742812500000035,False,,,COMPOSITE,200000.0,200.0,1e-06,1.0,脉宽单特征准则,HIGHER,POSITIVE
10,HF200-1,1,TW-W,W,P_C_given_C,0.5404993816498196,0.48643793208539854,0.05406144956442105,True,,2000,2000,0,1.0,True,,0.05145740528271096,0.0566861789636373,0.005228773680926342,0.0026247293992162496,False,,,COMPOSITE,200000.0,200.0,1e-06,1.0,脉宽单特征准则,HIGHER,POSITIVE
10,HF200-1,1,TW-W,W,P_C_given_E,0.4438013424411076,0.45508624408094006,-0.011284901639832479,True,,2000,2000,0,1.0,True,,-0.01568001315222679,-0.006502314824050452,0.009177698328176338,0.004782586815782026,False,,,COMPOSITE,200000.0,200.0,1e-06,1.0,脉宽单特征准则,HIGHER,NEGATIVE
10,HF200-1,1,TW-W,W,Mean_L_NC,2.2389377607980006,2.183846850928863,0.05509090986913767,True,,2000,2000,0,1.0,True,,0.03216719614024063,0.07579132542090528,0.04362412928066465,0.022923713728897045,False,,,COMPOSITE,200000.0,200.0,1e-06,1.0,脉宽单特征准则,LOWER,POSITIVE
11,HF200-2,0,TW-T,T,P_cor,0.49285,0.281275,0.211575,True,,2000,2000,0,1.0,True,,0.20689718750000002,0.21647837499999997,0.009581187499999949,0.00490337499999996,True,0.02,True,COMPOSITE,200000.0,200.0,2e-06,2.0,最优时序准则,HIGHER,POSITIVE
11,HF200-2,0,TW-T,T,P_C_given_C,0.6633648223580573,0.49500017856505124,0.16836464379300603,True,,2000,2000,0,1.0,True,,0.16477130938899556,0.17164995114884143,0.0068786417598458716,0.0035933344040104676,True,0.02,True,COMPOSITE,200000.0,200.0,2e-06,2.0,最优时序准则,HIGHER,POSITIVE
11,HF200-2,0,TW-T,T,P_C_given_E,0.32498377483935853,0.1960761688974671,0.12890760594189143,True,,2000,2000,0,1.0,True,,0.12444226906896222,0.13323598652358457,0.008793717454622346,0.004465336872929215,True,0.02,True,COMPOSITE,200000.0,200.0,2e-06,2.0,最优时序准则,HIGHER,POSITIVE
11,HF200-2,0,TW-T,T,Mean_L_NC,3.0454886653655606,4.99366000243178,-1.9481713370662197,True,,2000,2000,0,1.0,True,,-2.0485703639282287,-1.8465365158994986,0.20203384802873003,0.10163482116672107,True,0.25,True,COMPOSITE,200000.0,200.0,2e-06,2.0,最优时序准则,LOWER,NEGATIVE
11,HF200-2,1,TW-W,W,P_cor,0.49285,0.4721025,0.02074750000000003,True,,2000,2000,0,1.0,True,,0.01735437500000001,0.024253750000000004,0.006899374999999996,0.0035062499999999747,False,,,COMPOSITE,200000.0,200.0,2e-06,2.0,脉宽单特征准则,HIGHER,POSITIVE
11,HF200-2,1,TW-W,W,P_C_given_C,0.6633648223580573,0.48575139186067556,0.1776134304973817,True,,2000,2000,0,1.0,True,,0.17476958950898633,0.18021936357853752,0.005449774069551189,0.0028438409883953797,False,,,COMPOSITE,200000.0,200.0,2e-06,2.0,脉宽单特征准则,HIGHER,POSITIVE
11,HF200-2,1,TW-W,W,P_C_given_E,0.32498377483935853,0.4598661729852181,-0.13488239814585956,True,,2000,2000,0,1.0,True,,-0.1400993939286432,-0.12961501381037735,0.010484380118265857,0.005267384335482211,False,,,COMPOSITE,200000.0,200.0,2e-06,2.0,脉宽单特征准则,HIGHER,NEGATIVE
11,HF200-2,1,TW-W,W,Mean_L_NC,3.0454886653655606,2.1620744381303436,0.883414227235217,True,,2000,2000,0,1.0,True,,0.8534546980381283,0.9119772404496445,0.05852254241151611,0.029959529197088663,False,,,COMPOSITE,200000.0,200.0,2e-06,2.0,脉宽单特征准则,LOWER,POSITIVE
12,HF200-3,0,TW-T,T,P_cor,0.4899275,0.25395,0.2359775,True,,2000,2000,0,1.0,True,,0.23023706249999998,0.24166625,0.011429187500000021,0.0057404375000000285,True,0.02,True,COMPOSITE,200000.0,200.0,3e-06,3.0,最优时序准则,HIGHER,POSITIVE
12,HF200-3,0,TW-T,T,P_C_given_C,0.7963579300406669,0.5570678246075629,0.23929010543310403,True,,2000,2000,0,1.0,True,,0.23582981064964365,0.24270944659006255,0.0068796359404189045,0.0034602947834603826,True,0.02,True,COMPOSITE,200000.0,200.0,3e-06,3.0,最优时序准则,HIGHER,POSITIVE
12,HF200-3,0,TW-T,T,P_C_given_E,0.19226998881778906,0.14878696939383834,0.04348301942395072,True,,2000,2000,0,1.0,True,,0.03963293688329983,0.047506216047513886,0.007873279164214056,0.004023196623563166,True,0.02,True,COMPOSITE,200000.0,200.0,3e-06,3.0,最优时序准则,HIGHER,POSITIVE
12,HF200-3,0,TW-T,T,Mean_L_NC,5.09321251154547,6.530835558278986,-1.437623046733516,True,,2000,2000,0,1.0,True,,-1.599995469997644,-1.2885736269620773,0.31142184303556664,0.16237242326412793,True,0.25,True,COMPOSITE,200000.0,200.0,3e-06,3.0,最优时序准则,LOWER,NEGATIVE
12,HF200-3,1,TW-W,W,P_cor,0.4899275,0.47213,0.01779750000000002,True,,2000,2000,0,1.0,True,,0.013557375,0.022165499999999987,0.008608124999999987,0.004367999999999966,False,,,COMPOSITE,200000.0,200.0,3e-06,3.0,脉宽单特征准则,HIGHER,POSITIVE
12,HF200-3,1,TW-W,W,P_C_given_C,0.7963579300406669,0.4947610406611359,0.301596889379531,True,,2000,2000,0,1.0,True,,0.2987575003472417,0.3042903058491147,0.005532805501873017,0.002839389032289308,False,,,COMPOSITE,200000.0,200.0,3e-06,3.0,脉宽单特征准则,HIGHER,POSITIVE
12,HF200-3,1,TW-W,W,P_C_given_E,0.19226998881778906,0.4517019625763396,-0.25943197375855054,True,,2000,2000,0,1.0,True,,-0.26403849669298013,-0.2550448157426723,0.008993680950307836,0.004606522934429591,False,,,COMPOSITE,200000.0,200.0,3e-06,3.0,脉宽单特征准则,HIGHER,NEGATIVE
12,HF200-3,1,TW-W,W,Mean_L_NC,5.09321251154547,2.2003522264253186,2.8928602851201517,True,,2000,2000,0,1.0,True,,2.8369879257807464,2.948572208845798,0.11158428306505153,0.055872359339405264,False,,,COMPOSITE,200000.0,200.0,3e-06,3.0,脉宽单特征准则,LOWER,POSITIVE
13,HF300-1,0,TW-T,T,P_cor,0.48932,0.2434625,0.24585749999999998,True,,2000,2000,0,1.0,True,,0.24162925000000002,0.25025762500000004,0.008628375000000021,0.00440012500000006,True,0.02,True,COMPOSITE,300000.0,300.0,1e-06,1.0,最优时序准则,HIGHER,POSITIVE
13,HF300-1,0,TW-T,T,P_C_given_C,0.5375879242183088,0.3588846939407068,0.178703230277602,True,,2000,2000,0,1.0,True,,0.17519761793504257,0.1824423517581409,0.007244733823098343,0.003739121480538926,True,0.02,True,COMPOSITE,300000.0,300.0,1e-06,1.0,最优时序准则,HIGHER,POSITIVE
13,HF300-1,0,TW-T,T,P_C_given_E,0.4425527727205629,0.2055849703379415,0.2369678023826214,True,,2000,2000,0,1.0,True,,0.23251464317184337,0.24175440637653725,0.009239763204693885,0.004786603993915839,True,0.02,True,COMPOSITE,300000.0,300.0,1e-06,1.0,最优时序准则,HIGHER,POSITIVE
13,HF300-1,0,TW-T,T,Mean_L_NC,2.2451913565320614,4.7693459416863675,-2.524154585154306,True,,2000,2000,0,1.0,True,,-2.6255730008143625,-2.431272811952478,0.1943001888618845,0.10141841566005638,True,0.25,True,COMPOSITE,300000.0,300.0,1e-06,1.0,最优时序准则,LOWER,NEGATIVE
13,HF300-1,1,TW-W,W,P_cor,0.48932,0.463125,0.02619499999999997,True,,2000,2000,0,1.0,True,,0.023099812499999955,0.029315187499999982,0.0062153750000000264,0.0031201875000000136,False,,,COMPOSITE,300000.0,300.0,1e-06,1.0,脉宽单特征准则,HIGHER,POSITIVE
13,HF300-1,1,TW-W,W,P_C_given_C,0.5375879242183088,0.4822438018770683,0.05534412234124053,True,,2000,2000,0,1.0,True,,0.05267403391855636,0.05782544391147676,0.005151409992920401,0.0026700884226841734,False,,,COMPOSITE,300000.0,300.0,1e-06,1.0,脉宽单特征准则,HIGHER,POSITIVE
13,HF300-1,1,TW-W,W,P_C_given_E,0.4425527727205629,0.4464314129264754,-0.003878640205912498,True,,2000,2000,0,1.0,True,,-0.009160414698095904,0.001662449474956289,0.010822864173052194,0.0055410896808687875,False,,,COMPOSITE,300000.0,300.0,1e-06,1.0,脉宽单特征准则,HIGHER,INCLUDES_ZERO
13,HF300-1,1,TW-W,W,Mean_L_NC,2.2451913565320614,2.226103722439333,0.0190876340927284,True,,2000,2000,0,1.0,True,,-0.00851575681522877,0.045253315662507856,0.05376907247773663,0.02760339090795717,False,,,COMPOSITE,300000.0,300.0,1e-06,1.0,脉宽单特征准则,LOWER,INCLUDES_ZERO
14,HF300-2,0,TW-T,T,P_cor,0.4884275,0.2154775,0.27295,True,,2000,2000,0,1.0,True,,0.26859737499999997,0.27747275,0.008875375000000019,0.004522749999999964,True,0.02,True,COMPOSITE,300000.0,300.0,2e-06,2.0,最优时序准则,HIGHER,POSITIVE
14,HF300-2,0,TW-T,T,P_C_given_C,0.6574719502847413,0.4203216033558611,0.23715034692888015,True,,2000,2000,0,1.0,True,,0.23329021602800298,0.24110646178400427,0.007816245756001289,0.003956114855124121,True,0.02,True,COMPOSITE,300000.0,300.0,2e-06,2.0,最优时序准则,HIGHER,POSITIVE
14,HF300-2,0,TW-T,T,P_C_given_E,0.3251216769066808,0.15793132167339355,0.16719035523328726,True,,2000,2000,0,1.0,True,,0.16308544450328874,0.17126653075530576,0.008181086252017022,0.004104910729998523,True,0.02,True,COMPOSITE,300000.0,300.0,2e-06,2.0,最优时序准则,HIGHER,POSITIVE
14,HF300-2,0,TW-T,T,Mean_L_NC,3.0443948523395075,6.161332757402026,-3.1169379050625188,True,,2000,2000,0,1.0,True,,-3.2542777609218794,-2.987934880388103,0.2663428805337764,0.1373398558593606,True,0.25,True,COMPOSITE,300000.0,300.0,2e-06,2.0,最优时序准则,LOWER,NEGATIVE
14,HF300-2,1,TW-W,W,P_cor,0.4884275,0.46728,0.02114750000000004,True,,2000,2000,0,1.0,True,,0.017706874999999987,0.024370125000000003,0.006663250000000016,0.0034406250000000548,False,,,COMPOSITE,300000.0,300.0,2e-06,2.0,脉宽单特征准则,HIGHER,POSITIVE
14,HF300-2,1,TW-W,W,P_C_given_C,0.6574719502847413,0.48168859590164376,0.1757833543830975,True,,2000,2000,0,1.0,True,,0.17311567493450236,0.17851709698246054,0.005401422047958182,0.0027337425993630426,False,,,COMPOSITE,300000.0,300.0,2e-06,2.0,脉宽单特征准则,HIGHER,POSITIVE
14,HF300-2,1,TW-W,W,P_C_given_E,0.3251216769066808,0.4544837116727902,-0.1293620347661094,True,,2000,2000,0,1.0,True,,-0.13416834696556176,-0.1241193168764541,0.010049030089107666,0.005242717889655316,False,,,COMPOSITE,300000.0,300.0,2e-06,2.0,脉宽单特征准则,HIGHER,NEGATIVE
14,HF300-2,1,TW-W,W,Mean_L_NC,3.0443948523395075,2.1871779607086403,0.8572168916308671,True,,2000,2000,0,1.0,True,,0.8269557204078223,0.886579223332739,0.059623502924916694,0.030261171223044836,False,,,COMPOSITE,300000.0,300.0,2e-06,2.0,脉宽单特征准则,LOWER,POSITIVE
15,HF300-3,0,TW-T,T,P_cor,0.4931525,0.192575,0.3005775,True,,2000,2000,0,1.0,True,,0.29505243750000004,0.30609793750000003,0.011045499999999986,0.005525062499999955,True,0.02,True,COMPOSITE,300000.0,300.0,3e-06,3.0,最优时序准则,HIGHER,POSITIVE
15,HF300-3,0,TW-T,T,P_C_given_C,0.7945229897936317,0.46674748422754053,0.32777550556609114,True,,2000,2000,0,1.0,True,,0.3235936321112808,0.3320197735206375,0.008426141409356713,0.004244267954546355,True,0.02,True,COMPOSITE,300000.0,300.0,3e-06,3.0,最优时序准则,HIGHER,POSITIVE
15,HF300-3,0,TW-T,T,P_C_given_E,0.19640767262412473,0.12551512057867806,0.07089255204544667,True,,2000,2000,0,1.0,True,,0.06700218454043888,0.07484050594090984,0.007838321400470957,0.003947953895463166,True,0.02,True,COMPOSITE,300000.0,300.0,3e-06,3.0,最优时序准则,HIGHER,POSITIVE
15,HF300-3,0,TW-T,T,Mean_L_NC,4.982159093701619,7.687565457488336,-2.705406363786717,True,,2000,2000,0,1.0,True,,-2.9070593160688025,-2.5075032204750647,0.39955609559373784,0.20165295228208535,True,0.25,True,COMPOSITE,300000.0,300.0,3e-06,3.0,最优时序准则,LOWER,NEGATIVE
15,HF300-3,1,TW-W,W,P_cor,0.4931525,0.46358,0.0295725,True,,2000,2000,0,1.0,True,,0.025081937500000005,0.03410006250000002,0.009018125000000016,0.004527562500000019,False,,,COMPOSITE,300000.0,300.0,3e-06,3.0,脉宽单特征准则,HIGHER,POSITIVE
15,HF300-3,1,TW-W,W,P_C_given_C,0.7945229897936317,0.49154893704649033,0.30297405274714134,True,,2000,2000,0,1.0,True,,0.30022822383064884,0.3057716196818233,0.005543395851174471,0.002797566934681972,False,,,COMPOSITE,300000.0,300.0,3e-06,3.0,脉宽单特征准则,HIGHER,POSITIVE
15,HF300-3,1,TW-W,W,P_C_given_E,0.19640767262412473,0.43918732169375124,-0.2427796490696265,True,,2000,2000,0,1.0,True,,-0.24797088689509109,-0.2372143399484513,0.010756546946639772,0.005565309121175199,False,,,COMPOSITE,300000.0,300.0,3e-06,3.0,脉宽单特征准则,HIGHER,NEGATIVE
15,HF300-3,1,TW-W,W,Mean_L_NC,4.982159093701619,2.2621108452025767,2.7200482484990425,True,,2000,2000,0,1.0,True,,2.6629209086159054,2.7783778801665338,0.1154569715506284,0.05832963166749128,False,,,COMPOSITE,300000.0,300.0,3e-06,3.0,脉宽单特征准则,LOWER,POSITIVE
16,HF500-1,0,TW-T,T,P_cor,0.486185,0.1801825,0.30600249999999996,True,,2000,2000,0,1.0,True,,0.30232475,0.309723,0.007398250000000051,0.003720500000000071,True,0.02,True,COMPOSITE,500000.0,500.0,1e-06,1.0,最优时序准则,HIGHER,POSITIVE
16,HF500-1,0,TW-T,T,P_C_given_C,0.5339059253976621,0.28784354148964325,0.24606238390801888,True,,2000,2000,0,1.0,True,,0.2422802608796146,0.25007515692993315,0.0077948960503185505,0.004012773021914273,True,0.02,True,COMPOSITE,500000.0,500.0,1e-06,1.0,最优时序准则,HIGHER,POSITIVE
16,HF500-1,0,TW-T,T,P_C_given_E,0.44040411943626706,0.1558929649827872,0.28451115445347985,True,,2000,2000,0,1.0,True,,0.28047030659801797,0.2886636191696389,0.008193312571620925,0.004152464716159043,True,0.02,True,COMPOSITE,500000.0,500.0,1e-06,1.0,最优时序准则,HIGHER,POSITIVE
16,HF500-1,0,TW-T,T,Mean_L_NC,2.256246432178457,6.237911356286856,-3.9816649241083986,True,,2000,2000,0,1.0,True,,-4.119360320602916,-3.851294800235463,0.2680655203674531,0.13769539649451756,True,0.25,True,COMPOSITE,500000.0,500.0,1e-06,1.0,最优时序准则,LOWER,NEGATIVE
16,HF500-1,1,TW-W,W,P_cor,0.486185,0.45606,0.030124999999999957,True,,2000,2000,0,1.0,True,,0.026814874999999978,0.033543250000000024,0.006728375000000047,0.003418250000000067,False,,,COMPOSITE,500000.0,500.0,1e-06,1.0,脉宽单特征准则,HIGHER,POSITIVE
16,HF500-1,1,TW-W,W,P_C_given_C,0.5339059253976621,0.47855663515984753,0.0553492902378146,True,,2000,2000,0,1.0,True,,0.05275624116277965,0.05808438718516661,0.005328146022386959,0.0027350969473520156,False,,,COMPOSITE,500000.0,500.0,1e-06,1.0,脉宽单特征准则,HIGHER,POSITIVE
16,HF500-1,1,TW-W,W,P_C_given_E,0.44040411943626706,0.43695137952063273,0.0034527399156343286,True,,2000,2000,0,1.0,True,,-0.002006923896077775,0.00925167105253592,0.011258594948613695,0.005798931136901591,False,,,COMPOSITE,500000.0,500.0,1e-06,1.0,脉宽单特征准则,HIGHER,INCLUDES_ZERO
16,HF500-1,1,TW-W,W,Mean_L_NC,2.256246432178457,2.273450153077751,-0.017203720899293895,True,,2000,2000,0,1.0,True,,-0.04724323732906584,0.010718885263892338,0.057962122592958173,0.030039516429771942,False,,,COMPOSITE,500000.0,500.0,1e-06,1.0,脉宽单特征准则,LOWER,INCLUDES_ZERO
17,HF500-2,0,TW-T,T,P_cor,0.48349,0.1539025,0.3295875,True,,2000,2000,0,1.0,True,,0.32556362499999997,0.33367649999999993,0.008112874999999964,0.004088999999999954,True,0.02,True,COMPOSITE,500000.0,500.0,2e-06,2.0,最优时序准则,HIGHER,POSITIVE
17,HF500-2,0,TW-T,T,P_C_given_C,0.6522591175614422,0.3231020141890239,0.32915710337241827,True,,2000,2000,0,1.0,True,,0.3249705806366684,0.33339569627479926,0.008425115638130865,0.004238592902380989,True,0.02,True,COMPOSITE,500000.0,500.0,2e-06,2.0,最优时序准则,HIGHER,POSITIVE
17,HF500-2,0,TW-T,T,P_C_given_E,0.32375111854647315,0.122164634599106,0.20158648394736717,True,,2000,2000,0,1.0,True,,0.19782768410776008,0.20548599834951753,0.007658314241757447,0.0038995144021503614,True,0.02,True,COMPOSITE,500000.0,500.0,2e-06,2.0,最优时序准则,HIGHER,POSITIVE
17,HF500-2,0,TW-T,T,Mean_L_NC,3.058489141537505,7.891780342777195,-4.83329120123969,True,,2000,2000,0,1.0,True,,-5.024974186486566,-4.652890240236821,0.37208394624974517,0.19168298524687621,True,0.25,True,COMPOSITE,500000.0,500.0,2e-06,2.0,最优时序准则,LOWER,NEGATIVE
17,HF500-2,1,TW-W,W,P_cor,0.48349,0.461835,0.02165499999999998,True,,2000,2000,0,1.0,True,,0.01838725,0.02498499999999998,0.006597749999999979,0.0033299999999999996,False,,,COMPOSITE,500000.0,500.0,2e-06,2.0,脉宽单特征准则,HIGHER,POSITIVE
17,HF500-2,1,TW-W,W,P_C_given_C,0.6522591175614422,0.4781075713469543,0.17415154621448786,True,,2000,2000,0,1.0,True,,0.17136242993314688,0.1768186304586416,0.0054562005254947255,0.0027891162813409864,False,,,COMPOSITE,500000.0,500.0,2e-06,2.0,脉宽单特征准则,HIGHER,POSITIVE
17,HF500-2,1,TW-W,W,P_C_given_E,0.32375111854647315,0.44786779637280305,-0.1241166778263299,True,,2000,2000,0,1.0,True,,-0.1291921724886225,-0.11891421136151031,0.010277961127112184,0.005202466464819588,False,,,COMPOSITE,500000.0,500.0,2e-06,2.0,脉宽单特征准则,HIGHER,NEGATIVE
17,HF500-2,1,TW-W,W,Mean_L_NC,3.058489141537505,2.219443041106907,0.8390461004305982,True,,2000,2000,0,1.0,True,,0.8094292754411454,0.8679715164074957,0.0585422409663503,0.02961682498945284,False,,,COMPOSITE,500000.0,500.0,2e-06,2.0,脉宽单特征准则,LOWER,POSITIVE
18,HF500-3,0,TW-T,T,P_cor,0.48646,0.1435625,0.34289749999999997,True,,2000,2000,0,1.0,True,,0.33801175000000006,0.34779756250000005,0.00978581249999999,0.00490006250000008,True,0.02,True,COMPOSITE,500000.0,500.0,3e-06,3.0,最优时序准则,HIGHER,POSITIVE
18,HF500-3,0,TW-T,T,P_C_given_C,0.7852811437898369,0.3533555932381169,0.43192555055172005,True,,2000,2000,0,1.0,True,,0.4275083024172243,0.4364261813675385,0.008917878950314206,0.004500630815818474,True,0.02,True,COMPOSITE,500000.0,500.0,3e-06,3.0,最优时序准则,HIGHER,POSITIVE
18,HF500-3,0,TW-T,T,P_C_given_E,0.20022211567627862,0.10726913675883297,0.09295297891744565,True,,2000,2000,0,1.0,True,,0.08916279719900085,0.09665353252802586,0.007490735329025014,0.0037901817184448072,True,0.02,True,COMPOSITE,500000.0,500.0,3e-06,3.0,最优时序准则,HIGHER,POSITIVE
18,HF500-3,0,TW-T,T,Mean_L_NC,4.897503755096202,8.936350593452458,-4.038846838356256,True,,2000,2000,0,1.0,True,,-4.289380570909609,-3.793733923273146,0.49564664763646293,0.250533732553353,True,0.25,False,COMPOSITE,500000.0,500.0,3e-06,3.0,最优时序准则,LOWER,NEGATIVE
18,HF500-3,1,TW-W,W,P_cor,0.48646,0.4611775,0.025282499999999986,True,,2000,2000,0,1.0,True,,0.021052312500000028,0.029545312499999987,0.008492999999999959,0.004262812500000001,False,,,COMPOSITE,500000.0,500.0,3e-06,3.0,脉宽单特征准则,HIGHER,POSITIVE
18,HF500-3,1,TW-W,W,P_C_given_C,0.7852811437898369,0.48878984847906987,0.29649129531076707,True,,2000,2000,0,1.0,True,,0.2935796421223939,0.29933081296289,0.005751170840496089,0.0029116531883731644,False,,,COMPOSITE,500000.0,500.0,3e-06,3.0,脉宽单特征准则,HIGHER,POSITIVE
18,HF500-3,1,TW-W,W,P_C_given_E,0.20022211567627862,0.4372310116990968,-0.23700889602281816,True,,2000,2000,0,1.0,True,,-0.24217233762660992,-0.23200389978221087,0.010168437844399053,0.005163441603791757,False,,,COMPOSITE,500000.0,500.0,3e-06,3.0,脉宽单特征准则,HIGHER,NEGATIVE
18,HF500-3,1,TW-W,W,Mean_L_NC,4.897503755096202,2.272625662979639,2.624878092116563,True,,2000,2000,0,1.0,True,,2.569304534868348,2.682272040886116,0.11296750601776795,0.05739394876955295,False,,,COMPOSITE,500000.0,500.0,3e-06,3.0,脉宽单特征准则,LOWER,POSITIVE
