AuditOrdinal,InferenceType,ConditionOrdinal,ConditionCode,MethodOrContrast,Metric,PointEstimate,CI95Defined,CI95Lower,CI95Upper,ActualMaxOneSidedHalfWidth,TargetHalfWidth,MeetsStage8PrecisionTarget,Stage8PrecisionContractApplicable,FailureToMeetTargetFailsStage10
1,INDIVIDUAL,1,H100,T,P_cor,0.6665325,True,0.6596363125,0.6733779375,0.006896187499999984,0.02,True,True,False
2,INDIVIDUAL,1,H100,T,P_C_given_C,0.7833487232639216,True,0.7818561998021665,0.7849403832276262,0.0015916599637045836,0.02,True,True,False
3,INDIVIDUAL,1,H100,T,P_C_given_E,0.43119653288110044,True,0.4183489416622504,0.44445233400534906,0.013255801124248623,0.02,True,True,False
4,INDIVIDUAL,1,H100,T,Mean_L_NC,2.302912587835155,True,2.2356352761991767,2.3727742833815504,0.06986169554639554,0.25,True,True,False
5,INDIVIDUAL,1,H100,TW,P_cor,0.9827225,True,0.981244875,0.9837775,0.001477625000000038,0.02,True,True,False
6,INDIVIDUAL,1,H100,TW,P_C_given_C,0.9841841652455596,True,0.9837684085465893,0.9845667370204904,0.0004157566989703154,0.02,True,True,False
7,INDIVIDUAL,1,H100,TW,P_C_given_E,0.8982976865997381,True,0.8283353502369243,0.9523888095136133,0.06996233636281379,0.02,False,True,False
8,INDIVIDUAL,1,H100,TW,Mean_L_NC,1.1125241468126208,True,1.0497168012390041,1.2057832519811593,0.09325910516853853,0.25,True,True,False
9,INDIVIDUAL,2,H200,T,P_cor,0.3542525,True,0.3467735625,0.36113,0.007478937500000005,0.02,True,True,False
10,INDIVIDUAL,2,H200,T,P_C_given_C,0.6038575457392684,True,0.6011565344959413,0.6063944757317993,0.0027010112433271116,0.02,True,True,False
11,INDIVIDUAL,2,H200,T,P_C_given_E,0.21550643506154768,True,0.2084886681562094,0.22192263323357223,0.007017766905338285,0.02,True,True,False
12,INDIVIDUAL,2,H200,T,Mean_L_NC,4.548879065917617,True,4.420202965587543,4.697936004684121,0.1490569387665044,0.25,True,True,False
13,INDIVIDUAL,2,H200,TW,P_cor,0.9702325,True,0.96856975,0.971535,0.0016627500000000461,0.02,True,True,False
14,INDIVIDUAL,2,H200,TW,P_C_given_C,0.9717518367262378,True,0.9712611221278332,0.9722642088189012,0.0005123720926634157,0.02,True,True,False
15,INDIVIDUAL,2,H200,TW,P_C_given_E,0.9215256096531939,True,0.8723542801097623,0.9626368887473239,0.04917132954343151,0.02,False,True,False
16,INDIVIDUAL,2,H200,TW,Mean_L_NC,1.0847226018037714,True,1.0385982504705675,1.145477209567753,0.06075460776398156,0.25,True,True,False
17,INDIVIDUAL,3,H300,T,P_cor,0.2452625,True,0.23977874999999998,0.251323,0.006060500000000024,0.02,True,True,False
18,INDIVIDUAL,3,H300,T,P_C_given_C,0.4896518563229562,True,0.48625598109984197,0.49290580407060447,0.003395875223114242,0.02,True,True,False
19,INDIVIDUAL,3,H300,T,P_C_given_E,0.16420485390653883,True,0.1593026502917824,0.16931920546114967,0.0051143515546108465,0.02,True,True,False
20,INDIVIDUAL,3,H300,T,Mean_L_NC,5.925900480910786,True,5.751204461107337,6.101973104424036,0.17607262351324948,0.25,True,True,False
21,INDIVIDUAL,3,H300,TW,P_cor,0.9649675,True,0.9642848125,0.965645,0.000682687500000001,0.02,True,True,False
22,INDIVIDUAL,3,H300,TW,P_C_given_C,0.9650280822078318,True,0.9644782374321473,0.9656029589460471,0.0005748767382153241,0.02,True,True,False
23,INDIVIDUAL,3,H300,TW,P_C_given_E,0.9622195139436519,True,0.9485254631899915,0.9734356729493729,0.01369405075366037,0.02,True,True,False
24,INDIVIDUAL,3,H300,TW,Mean_L_NC,1.039077561916061,True,1.0271654617226071,1.0539586466700885,0.014881084754027496,0.25,True,True,False
25,INDIVIDUAL,4,H400,T,P_cor,0.20644,True,0.2015624375,0.2115176875,0.005077687499999983,0.02,True,True,False
26,INDIVIDUAL,4,H400,T,P_C_given_C,0.4216883574544615,True,0.4181396228924453,0.4251515020288339,0.003548734562016209,0.02,True,True,False
27,INDIVIDUAL,4,H400,T,P_C_given_E,0.1491762932085763,True,0.14494632336147195,0.15366951880844598,0.004493225599869671,0.02,True,True,False
28,INDIVIDUAL,4,H400,T,Mean_L_NC,6.502857845246144,True,6.318989659122663,6.684284711393629,0.18386818612348055,0.25,True,True,False
29,INDIVIDUAL,4,H400,TW,P_cor,0.9610625,True,0.9604799375,0.9616625624999999,0.0006000624999998871,0.02,True,True,False
30,INDIVIDUAL,4,H400,TW,P_C_given_C,0.9607943612482222,True,0.9601942316386493,0.9614400489439301,0.0006456876957079416,0.02,True,True,False
31,INDIVIDUAL,4,H400,TW,P_C_given_E,0.9680727554179567,True,0.9633512615400976,0.9721008069443076,0.004721493877859029,0.02,True,True,False
32,INDIVIDUAL,4,H400,TW,Mean_L_NC,1.0328249336870026,True,1.028565645237747,1.0378790034017125,0.005054069714709897,0.25,True,True,False
33,INDIVIDUAL,5,H500,T,P_cor,0.17339,True,0.168989375,0.177528,0.004400624999999991,0.02,True,True,False
34,INDIVIDUAL,5,H500,T,P_C_given_C,0.37102069743560073,True,0.36751361932340054,0.37479864127153023,0.003777943835929498,0.02,True,True,False
35,INDIVIDUAL,5,H500,T,P_C_given_E,0.13091853397027925,True,0.12695071468660923,0.13458018636733574,0.0039678192836700155,0.02,True,True,False
36,INDIVIDUAL,5,H500,T,Mean_L_NC,7.374356000624484,True,7.181841145642279,7.597386137020586,0.22303013639610203,0.25,True,True,False
37,INDIVIDUAL,5,H500,TW,P_cor,0.958395,True,0.9578,0.9589950625,0.0006000624999999982,0.02,True,True,False
38,INDIVIDUAL,5,H500,TW,P_C_given_C,0.9578651538110643,True,0.9572203770813256,0.9585110812735925,0.0006459274625282285,0.02,True,True,False
39,INDIVIDUAL,5,H500,TW,P_C_given_E,0.9705278415267544,True,0.9683541983173933,0.9727751305262557,0.002247288999501329,0.02,True,True,False
40,INDIVIDUAL,5,H500,TW,Mean_L_NC,1.0302092361025132,True,1.0278433448761426,1.0325137530642858,0.0023658912263706533,0.25,True,True,False
41,INDIVIDUAL,6,F1,T,P_cor,0.50142,True,0.499609875,0.5032550625,0.0018350624999999843,0.02,True,True,False
42,INDIVIDUAL,6,F1,T,P_C_given_C,0.5589596881669789,True,0.5566329037415159,0.5612762120591189,0.00232678442546308,0.02,True,True,False
43,INDIVIDUAL,6,F1,T,P_C_given_E,0.4427940687277602,True,0.4405833754717158,0.44508294995733333,0.002288881229573103,0.02,True,True,False
44,INDIVIDUAL,6,F1,T,Mean_L_NC,2.243859629383769,True,2.2324212538687873,2.254942203797124,0.011438375514981836,0.25,True,True,False
45,INDIVIDUAL,6,F1,TW,P_cor,0.4990575,True,0.49725981249999995,0.500870125,0.0018126250000000677,0.02,True,True,False
46,INDIVIDUAL,6,F1,TW,P_C_given_C,0.5485982437766858,True,0.5462726258304719,0.5509032889164848,0.002325617946213887,0.02,True,True,False
47,INDIVIDUAL,6,F1,TW,P_C_given_E,0.4491303562831006,True,0.4469008790664365,0.45143660826488674,0.0023062519817861338,0.02,True,True,False
48,INDIVIDUAL,6,F1,TW,Mean_L_NC,2.2131812056815923,True,2.2019010430232226,2.2243052034341604,0.011280162658369619,0.25,True,True,False
49,INDIVIDUAL,7,F2,T,P_cor,0.504505,True,0.5016821875,0.5074326874999999,0.0029276874999999425,0.02,True,True,False
50,INDIVIDUAL,7,F2,T,P_C_given_C,0.7054563926849675,True,0.7032346780255894,0.7076326454523598,0.002221714659378149,0.02,True,True,False
51,INDIVIDUAL,7,F2,T,P_C_given_E,0.29738651576000974,True,0.2949427935148746,0.2998018939350806,0.002443722245135116,0.02,True,True,False
52,INDIVIDUAL,7,F2,T,Mean_L_NC,3.323406609990442,True,3.297131037297605,3.3508106564263813,0.0274040464359393,0.25,True,True,False
53,INDIVIDUAL,7,F2,TW,P_cor,0.5038225,True,0.501294875,0.5061455625,0.0025276249999999223,0.02,True,True,False
54,INDIVIDUAL,7,F2,TW,P_C_given_C,0.6776793150049619,True,0.6754914484645153,0.6797949537970441,0.00218786654044667,0.02,True,True,False
55,INDIVIDUAL,7,F2,TW,P_C_given_E,0.3251330561646402,True,0.322765366821318,0.3273121454367524,0.00236768934332221,0.02,True,True,False
56,INDIVIDUAL,7,F2,TW,Mean_L_NC,3.0438936858733494,True,3.023970399859727,3.0660888023197757,0.022195116446426244,0.25,True,True,False
57,INDIVIDUAL,8,F3,T,P_cor,0.5061125,True,0.5014274375000001,0.51049275,0.0046850624999998924,0.02,True,True,False
58,INDIVIDUAL,8,F3,T,P_C_given_C,0.8515391145065452,True,0.8496584693737971,0.8532950710193743,0.0018806451327481044,0.02,True,True,False
59,INDIVIDUAL,8,F3,T,P_C_given_E,0.14836710709070836,True,0.1465390247650418,0.15022985224481847,0.0018627451541101125,0.02,True,True,False
60,INDIVIDUAL,8,F3,T,Mean_L_NC,6.54936347964461,True,6.471902838195956,6.62703832427815,0.07767484463354002,0.25,True,True,False
61,INDIVIDUAL,8,F3,TW,P_cor,0.5063775,True,0.50282425,0.509957625,0.003580124999999934,0.02,True,True,False
62,INDIVIDUAL,8,F3,TW,P_C_given_C,0.8193418434931015,True,0.8174645922962556,0.821138412687109,0.0018772511968458971,0.02,True,True,False
63,INDIVIDUAL,8,F3,TW,P_C_given_E,0.18184965154222474,True,0.17991384914161188,0.18381406807500442,0.001964416532779678,0.02,True,True,False
64,INDIVIDUAL,8,F3,TW,Mean_L_NC,5.37510208526161,True,5.318156656034366,5.432040405433633,0.05694542922724466,0.25,True,True,False
65,INDIVIDUAL,9,F4,T,P_cor,0.52637,True,0.5197874375,0.5331920625000001,0.006822062500000059,0.02,True,True,False
66,INDIVIDUAL,9,F4,T,P_C_given_C,0.9394781048371702,True,0.9383093967220951,0.940628127524582,0.0011687081150750789,0.02,True,True,False
67,INDIVIDUAL,9,F4,T,P_C_given_E,0.06256632847985737,True,0.061342802577931246,0.06380072938633355,0.0012344009064761824,0.02,True,True,False
68,INDIVIDUAL,9,F4,T,Mean_L_NC,14.815984984750138,True,14.547840170540642,15.085778796835703,0.26979381208556497,0.25,False,True,False
69,INDIVIDUAL,9,F4,TW,P_cor,0.5177175,True,0.5121395625,0.523510875,0.0057933749999999895,0.02,True,True,False
70,INDIVIDUAL,9,F4,TW,P_C_given_C,0.9185203517149013,True,0.917185569171436,0.919883740285887,0.001363388570985724,0.02,True,True,False
71,INDIVIDUAL,9,F4,TW,P_C_given_E,0.08313707509222401,True,0.08176006218666473,0.08452346992216583,0.0013863948299418227,0.02,True,True,False
72,INDIVIDUAL,9,F4,TW,Mean_L_NC,11.384656240778991,True,11.20425870261226,11.566993219107884,0.18233697832889284,0.25,True,True,False
73,INDIVIDUAL,10,HF200-1,T,P_cor,0.313585,True,0.3095525,0.3173675,0.004032499999999994,0.02,True,True,False
74,INDIVIDUAL,10,HF200-1,T,P_C_given_C,0.4116393980891975,True,0.40874603067240617,0.41462357900028285,0.0029841809110853768,0.02,True,True,False
75,INDIVIDUAL,10,HF200-1,T,P_C_given_E,0.26798495959814156,True,0.2633346527372719,0.2724718395551113,0.004650306860869646,0.02,True,True,False
76,INDIVIDUAL,10,HF200-1,T,Mean_L_NC,3.679029880745009,True,3.619081137088795,3.7426751077838483,0.06364522703883946,0.25,True,True,False
77,INDIVIDUAL,10,HF200-1,TW,P_cor,0.49161,True,0.489725,0.49339262500000003,0.00188499999999997,0.02,True,True,False
78,INDIVIDUAL,10,HF200-1,TW,P_C_given_C,0.5404993816498196,True,0.5382886527009276,0.5427236119822088,0.0022242303323891655,0.02,True,True,False
79,INDIVIDUAL,10,HF200-1,TW,P_C_given_E,0.4438013424411076,True,0.44146273321235824,0.4460080028603417,0.0023386092287493443,0.02,True,True,False
80,INDIVIDUAL,10,HF200-1,TW,Mean_L_NC,2.2389377607980006,True,2.2279969299526687,2.250600006982967,0.011662246184966474,0.25,True,True,False
81,INDIVIDUAL,11,HF200-2,T,P_cor,0.281275,True,0.2770845625,0.28582775,0.004552749999999994,0.02,True,True,False
82,INDIVIDUAL,11,HF200-2,T,P_C_given_C,0.49500017856505124,True,0.49188411691936074,0.49811306220811224,0.0031160616456905044,0.02,True,True,False
83,INDIVIDUAL,11,HF200-2,T,P_C_given_E,0.1960761688974671,True,0.192164095524759,0.20020122537766138,0.004125056480194289,0.02,True,True,False
84,INDIVIDUAL,11,HF200-2,T,Mean_L_NC,4.99366000243178,True,4.892954885295591,5.092696022631285,0.10070511713618924,0.25,True,True,False
85,INDIVIDUAL,11,HF200-2,TW,P_cor,0.49285,True,0.4903071875,0.4953475625,0.0025428124999999913,0.02,True,True,False
86,INDIVIDUAL,11,HF200-2,TW,P_C_given_C,0.6633648223580573,True,0.6610707465625925,0.6655323111202264,0.0022940757954648117,0.02,True,True,False
87,INDIVIDUAL,11,HF200-2,TW,P_C_given_E,0.32498377483935853,True,0.3226489439803866,0.32732922130025455,0.002345446460896017,0.02,True,True,False
88,INDIVIDUAL,11,HF200-2,TW,Mean_L_NC,3.0454886653655606,True,3.024122170845404,3.066938319055095,0.021449653689534554,0.25,True,True,False
89,INDIVIDUAL,12,HF200-3,T,P_cor,0.25395,True,0.248939625,0.25888612499999997,0.005010375000000011,0.02,True,True,False
90,INDIVIDUAL,12,HF200-3,T,P_C_given_C,0.5570678246075629,True,0.5537988054525388,0.5602105345523041,0.003269019155024089,0.02,True,True,False
91,INDIVIDUAL,12,HF200-3,T,P_C_given_E,0.14878696939383834,True,0.14508427877184357,0.15246513982288976,0.0037026906219947697,0.02,True,True,False
92,INDIVIDUAL,12,HF200-3,T,Mean_L_NC,6.530835558278986,True,6.379806987291959,6.692309256419003,0.16147369814001689,0.25,True,True,False
93,INDIVIDUAL,12,HF200-3,TW,P_cor,0.4899275,True,0.48600737499999996,0.4935554375,0.003920125000000052,0.02,True,True,False
94,INDIVIDUAL,12,HF200-3,TW,P_C_given_C,0.7963579300406669,True,0.7943950323424638,0.7984162998222086,0.0020583697815417246,0.02,True,True,False
95,INDIVIDUAL,12,HF200-3,TW,P_C_given_E,0.19226998881778906,True,0.19023331073523997,0.19443738374427724,0.002167394926488181,0.02,True,True,False
96,INDIVIDUAL,12,HF200-3,TW,Mean_L_NC,5.09321251154547,True,5.036532958809029,5.14646744220861,0.05667955273644143,0.25,True,True,False
97,INDIVIDUAL,13,HF300-1,T,P_cor,0.2434625,True,0.2394133125,0.2472905,0.0040491874999999955,0.02,True,True,False
98,INDIVIDUAL,13,HF300-1,T,P_C_given_C,0.3588846939407068,True,0.3556856953681974,0.3619378362686842,0.003198998572509437,0.02,True,True,False
99,INDIVIDUAL,13,HF300-1,T,P_C_given_E,0.2055849703379415,True,0.20116378731109,0.20971333111841214,0.004421183026851516,0.02,True,True,False
100,INDIVIDUAL,13,HF300-1,T,Mean_L_NC,4.7693459416863675,True,4.6773346862504495,4.871782724124622,0.1024367824382546,0.25,True,True,False
101,INDIVIDUAL,13,HF300-1,TW,P_cor,0.48932,True,0.4875969375,0.49114012500000004,0.0018201250000000613,0.02,True,True,False
102,INDIVIDUAL,13,HF300-1,TW,P_C_given_C,0.5375879242183088,True,0.5353343195458486,0.5398780211495988,0.002290096931290009,0.02,True,True,False
103,INDIVIDUAL,13,HF300-1,TW,P_C_given_E,0.4425527727205629,True,0.44026805672951164,0.4447526901540893,0.0022847159910512893,0.02,True,True,False
104,INDIVIDUAL,13,HF300-1,TW,Mean_L_NC,2.2451913565320614,True,2.2342437041078953,2.256803372678803,0.011612016146741677,0.25,True,True,False
105,INDIVIDUAL,14,HF300-2,T,P_cor,0.2154775,True,0.2113548125,0.21934506250000002,0.0041226875,0.02,True,True,False
106,INDIVIDUAL,14,HF300-2,T,P_C_given_C,0.4203216033558611,True,0.41678830410563944,0.4237941585205052,0.0035332992502216665,0.02,True,True,False
107,INDIVIDUAL,14,HF300-2,T,P_C_given_E,0.15793132167339355,True,0.1543691294566995,0.1613563210060148,0.0035621922166940434,0.02,True,True,False
108,INDIVIDUAL,14,HF300-2,T,Mean_L_NC,6.161332757402026,True,6.035096266715271,6.299333883126422,0.13800112572439538,0.25,True,True,False
109,INDIVIDUAL,14,HF300-2,TW,P_cor,0.4884275,True,0.486079875,0.4908553125,0.0024278124999999595,0.02,True,True,False
110,INDIVIDUAL,14,HF300-2,TW,P_C_given_C,0.6574719502847413,True,0.6551998665717296,0.6598503684427283,0.0023784181579870056,0.02,True,True,False
111,INDIVIDUAL,14,HF300-2,TW,P_C_given_E,0.3251216769066808,True,0.32280804803570323,0.32731541830390265,0.00231362887097758,0.02,True,True,False
112,INDIVIDUAL,14,HF300-2,TW,Mean_L_NC,3.0443948523395075,True,3.0241457313133413,3.065804707891789,0.021409855552281698,0.25,True,True,False
113,INDIVIDUAL,15,HF300-3,T,P_cor,0.192575,True,0.18831974999999998,0.196955,0.004379999999999995,0.02,True,True,False
114,INDIVIDUAL,15,HF300-3,T,P_C_given_C,0.46674748422754053,True,0.46283795435527453,0.47036437079363685,0.003909529872266004,0.02,True,True,False
115,INDIVIDUAL,15,HF300-3,T,P_C_given_E,0.12551512057867806,True,0.1222493697146105,0.12890180290431252,0.003386682325634466,0.02,True,True,False
116,INDIVIDUAL,15,HF300-3,T,Mean_L_NC,7.687565457488336,True,7.493348135901926,7.883457490564427,0.19589203307609093,0.25,True,True,False
117,INDIVIDUAL,15,HF300-3,TW,P_cor,0.4931525,True,0.489456375,0.49686006250000003,0.003707562500000039,0.02,True,True,False
118,INDIVIDUAL,15,HF300-3,TW,P_C_given_C,0.7945229897936317,True,0.7925196133362437,0.7964541751616525,0.0020033764573880175,0.02,True,True,False
119,INDIVIDUAL,15,HF300-3,TW,P_C_given_E,0.19640767262412473,True,0.19433906902125375,0.19854223108585833,0.0021345584617336044,0.02,True,True,False
120,INDIVIDUAL,15,HF300-3,TW,Mean_L_NC,4.982159093701619,True,4.93035186673729,5.033386903916506,0.05180722696432927,0.25,True,True,False
121,INDIVIDUAL,16,HF500-1,T,P_cor,0.1801825,True,0.17679987500000002,0.1835075625,0.0033826249999999725,0.02,True,True,False
122,INDIVIDUAL,16,HF500-1,T,P_C_given_C,0.28784354148964325,True,0.28438577467253207,0.2912668832744488,0.0034577668171111853,0.02,True,True,False
123,INDIVIDUAL,16,HF500-1,T,P_C_given_E,0.1558929649827872,True,0.15245981316534787,0.15929908583954175,0.003433151817439334,0.02,True,True,False
124,INDIVIDUAL,16,HF500-1,T,Mean_L_NC,6.237911356286856,True,6.108387499117096,6.374335063240293,0.13642370695343775,0.25,True,True,False
125,INDIVIDUAL,16,HF500-1,TW,P_cor,0.486185,True,0.484487125,0.48787768750000005,0.0016978749999999598,0.02,True,True,False
126,INDIVIDUAL,16,HF500-1,TW,P_C_given_C,0.5339059253976621,True,0.5316429269711,0.5362269942896215,0.002321068891959377,0.02,True,True,False
127,INDIVIDUAL,16,HF500-1,TW,P_C_given_E,0.44040411943626706,True,0.43824087945019546,0.44260594021051924,0.0022018207742521834,0.02,True,True,False
128,INDIVIDUAL,16,HF500-1,TW,Mean_L_NC,2.256246432178457,True,2.2452151231776236,2.267370190853978,0.011123758675521067,0.25,True,True,False
129,INDIVIDUAL,17,HF500-2,T,P_cor,0.1539025,True,0.1505599375,0.1571701875,0.003342562500000007,0.02,True,True,False
130,INDIVIDUAL,17,HF500-2,T,P_C_given_C,0.3231020141890239,True,0.3193026992931787,0.32684918384412354,0.003799314895845174,0.02,True,True,False
131,INDIVIDUAL,17,HF500-2,T,P_C_given_E,0.122164634599106,True,0.11912227266434561,0.12506453751880106,0.0030423619347603875,0.02,True,True,False
132,INDIVIDUAL,17,HF500-2,T,Mean_L_NC,7.891780342777195,True,7.717498781134729,8.087180656196837,0.19540031341964248,0.25,True,True,False
133,INDIVIDUAL,17,HF500-2,TW,P_cor,0.48349,True,0.48097475,0.48598025,0.002515249999999969,0.02,True,True,False
134,INDIVIDUAL,17,HF500-2,TW,P_C_given_C,0.6522591175614422,True,0.6499460258474538,0.6545945749912215,0.002335457429779364,0.02,True,True,False
135,INDIVIDUAL,17,HF500-2,TW,P_C_given_E,0.32375111854647315,True,0.32143083059563565,0.3260602184831416,0.0023202879508374963,0.02,True,True,False
136,INDIVIDUAL,17,HF500-2,TW,Mean_L_NC,3.058489141537505,True,3.0371611962976615,3.0799922853736774,0.021503143836172356,0.25,True,True,False
137,INDIVIDUAL,18,HF500-3,T,P_cor,0.1435625,True,0.14000393749999998,0.1470030625,0.0035585625000000287,0.02,True,True,False
138,INDIVIDUAL,18,HF500-3,T,P_C_given_C,0.3533555932381169,True,0.3491349928574548,0.3575223937309968,0.004220600380662076,0.02,True,True,False
139,INDIVIDUAL,18,HF500-3,T,P_C_given_E,0.10726913675883297,True,0.10419613817492887,0.11030637264477508,0.003072998583904099,0.02,True,True,False
140,INDIVIDUAL,18,HF500-3,T,Mean_L_NC,8.936350593452458,True,8.700687573135353,9.184668393661973,0.24831780020951477,0.25,True,True,False
141,INDIVIDUAL,18,HF500-3,TW,P_cor,0.48646,True,0.48301225000000003,0.48999,0.0035299999999999776,0.02,True,True,False
142,INDIVIDUAL,18,HF500-3,TW,P_C_given_C,0.7852811437898369,True,0.7832616263839519,0.7872885555348799,0.0020195174058850185,0.02,True,True,False
143,INDIVIDUAL,18,HF500-3,TW,P_C_given_E,0.20022211567627862,True,0.19802975286505956,0.20241774998843667,0.0021956343121580513,0.02,True,True,False
144,INDIVIDUAL,18,HF500-3,TW,Mean_L_NC,4.897503755096202,True,4.846263132722085,4.950347585947586,0.05284383085138433,0.25,True,True,False
145,PAIRED,1,H100,TW-T,P_cor,0.3161900000000001,True,0.309313125,0.32316787500000005,0.006977874999999967,0.02,True,True,False
146,PAIRED,1,H100,TW-T,P_C_given_C,0.20083544198163805,True,0.19924846734468063,0.20234917667829638,0.0015869746369574222,0.02,True,True,False
147,PAIRED,1,H100,TW-T,P_C_given_E,0.46710115371863764,True,0.39543819719285,0.5225193062491542,0.07166295652578764,0.02,False,True,False
148,PAIRED,1,H100,TW-T,Mean_L_NC,-1.190388441022534,True,-1.2893924707814233,-1.0822843482550544,0.10810409276747968,0.25,True,True,False
149,PAIRED,2,H200,TW-T,P_cor,0.61598,True,0.6088885624999999,0.62341325,0.007433250000000058,0.02,True,True,False
150,PAIRED,2,H200,TW-T,P_C_given_C,0.36789429098696935,True,0.3654165676754619,0.3705389851850533,0.002644694198083941,0.02,True,True,False
151,PAIRED,2,H200,TW-T,P_C_given_E,0.7060191745916462,True,0.6564561892656401,0.7480276458355262,0.049562985326006115,0.02,False,True,False
152,PAIRED,2,H200,TW-T,Mean_L_NC,-3.464156464113845,True,-3.622209951310425,-3.3200052473754895,0.15805348719657974,0.25,True,True,False
153,PAIRED,3,H300,TW-T,P_cor,0.719705,True,0.7136484375,0.725302625,0.0060565625000000844,0.02,True,True,False
154,PAIRED,3,H300,TW-T,P_C_given_C,0.47537622588487555,True,0.47215967417992,0.4788437347683474,0.0034675088834718593,0.02,True,True,False
155,PAIRED,3,H300,TW-T,P_C_given_E,0.7980146600371131,True,0.7834424043252695,0.810515303372578,0.014572255711843618,0.02,True,True,False
156,PAIRED,3,H300,TW-T,Mean_L_NC,-4.886822918994725,True,-5.06372297689879,-4.709742969711734,0.17707994928299087,0.25,True,True,False
157,PAIRED,4,H400,TW-T,P_cor,0.7546225,True,0.7496193124999999,0.7594601875,0.005003187500000061,0.02,True,True,False
158,PAIRED,4,H400,TW-T,P_C_given_C,0.5391060037937607,True,0.5356341734896523,0.5427830425600162,0.0036770387662554693,0.02,True,True,False
159,PAIRED,4,H400,TW-T,P_C_given_E,0.8188964622093804,True,0.8124855700138134,0.8250983310637093,0.006410892195567008,0.02,True,True,False
160,PAIRED,4,H400,TW-T,Mean_L_NC,-5.470032911559141,True,-5.651638253836979,-5.285243691743565,0.18478921981557583,0.25,True,True,False
161,PAIRED,5,H500,TW-T,P_cor,0.785005,True,0.7809194374999999,0.789530125,0.004525125000000019,0.02,True,True,False
162,PAIRED,5,H500,TW-T,P_C_given_C,0.5868444563754636,True,0.5830369592603495,0.5903971645549968,0.003807497115114078,0.02,True,True,False
163,PAIRED,5,H500,TW-T,P_C_given_E,0.8396093075564752,True,0.835390073492722,0.8444259996377811,0.004816692081305862,0.02,True,True,False
164,PAIRED,5,H500,TW-T,Mean_L_NC,-6.344146764521971,True,-6.567391426397813,-6.15041080267213,0.22324466187584147,0.25,True,True,False
165,PAIRED,6,F1,TW-T,P_cor,-0.0023624999999999896,True,-0.004480187499999985,-0.0003150000000000638,0.0021176874999999954,0.02,True,True,False
166,PAIRED,6,F1,TW-T,P_C_given_C,-0.010361444390293184,True,-0.012987890560732273,-0.0076567648315393885,0.0027046795587537956,0.02,True,True,False
167,PAIRED,6,F1,TW-T,P_C_given_E,0.006336287555340381,True,0.0036472904912541572,0.00882269450515215,0.0026889970640862236,0.02,True,True,False
168,PAIRED,6,F1,TW-T,Mean_L_NC,-0.030678423702176882,True,-0.04298652144491273,-0.01727761721146035,0.013400806490716531,0.25,True,True,False
169,PAIRED,7,F2,TW-T,P_cor,-0.0006825000000000303,True,-0.0035204374999999676,0.0021101874999999454,0.0028379374999999373,0.02,True,True,False
170,PAIRED,7,F2,TW-T,P_C_given_C,-0.02777707768000559,True,-0.03012531276581911,-0.02555346690506211,0.00234823508581352,0.02,True,True,False
171,PAIRED,7,F2,TW-T,P_C_given_E,0.027746540404630482,True,0.02510664171512377,0.03020629918592611,0.0026398986895067103,0.02,True,True,False
172,PAIRED,7,F2,TW-T,Mean_L_NC,-0.2795129241170926,True,-0.30564664298384814,-0.25326249962094277,0.026250424496149838,0.25,True,True,False
173,PAIRED,8,F3,TW-T,P_cor,0.00026500000000007073,True,-0.004250187499999977,0.004657749999999979,0.004515187500000048,0.02,True,True,False
174,PAIRED,8,F3,TW-T,P_C_given_C,-0.03219727101344372,True,-0.03410878384137935,-0.030358715495932994,0.0019115128279356339,0.02,True,True,False
175,PAIRED,8,F3,TW-T,P_C_given_E,0.03348254445151638,True,0.03156386051757436,0.03537603220935592,0.0019186839339420253,0.02,True,True,False
176,PAIRED,8,F3,TW-T,Mean_L_NC,-1.1742613943829996,True,-1.2448994871338643,-1.1004454708611873,0.07381592352181232,0.25,True,True,False
177,PAIRED,9,F4,TW-T,P_cor,-0.008652499999999952,True,-0.015232562499999982,-0.0024897499999999946,0.00658006250000003,0.02,True,True,False
178,PAIRED,9,F4,TW-T,P_C_given_C,-0.020957753122268885,True,-0.022091374902321416,-0.019741737815766932,0.0012160153065019531,0.02,True,True,False
179,PAIRED,9,F4,TW-T,P_C_given_E,0.020570746612366644,True,0.01925445133060231,0.021839576314389222,0.0013162952817643327,0.02,True,True,False
180,PAIRED,9,F4,TW-T,Mean_L_NC,-3.4313287439711466,True,-3.662703248958776,-3.188800597440573,0.24252814653057353,0.25,True,True,False
181,PAIRED,10,HF200-1,TW-T,P_cor,0.178025,True,0.17399981250000005,0.18216581250000002,0.004140812500000035,0.02,True,True,False
182,PAIRED,10,HF200-1,TW-T,P_C_given_C,0.12885998356062212,True,0.1255468126779365,0.13213459306177627,0.003313170882685623,0.02,True,True,False
183,PAIRED,10,HF200-1,TW-T,P_C_given_E,0.17581638284296602,True,0.1709172779782764,0.1807722102891471,0.004955827446181088,0.02,True,True,False
184,PAIRED,10,HF200-1,TW-T,Mean_L_NC,-1.4400921199470083,True,-1.5052635058444255,-1.3793381616741218,0.06517138589741722,0.25,True,True,False
185,PAIRED,11,HF200-2,TW-T,P_cor,0.211575,True,0.20689718750000002,0.21647837499999997,0.00490337499999996,0.02,True,True,False
186,PAIRED,11,HF200-2,TW-T,P_C_given_C,0.16836464379300603,True,0.16477130938899556,0.17164995114884143,0.0035933344040104676,0.02,True,True,False
187,PAIRED,11,HF200-2,TW-T,P_C_given_E,0.12890760594189143,True,0.12444226906896222,0.13323598652358457,0.004465336872929215,0.02,True,True,False
188,PAIRED,11,HF200-2,TW-T,Mean_L_NC,-1.9481713370662197,True,-2.0485703639282287,-1.8465365158994986,0.10163482116672107,0.25,True,True,False
189,PAIRED,12,HF200-3,TW-T,P_cor,0.2359775,True,0.23023706249999998,0.24166625,0.0057404375000000285,0.02,True,True,False
190,PAIRED,12,HF200-3,TW-T,P_C_given_C,0.23929010543310403,True,0.23582981064964365,0.24270944659006255,0.0034602947834603826,0.02,True,True,False
191,PAIRED,12,HF200-3,TW-T,P_C_given_E,0.04348301942395072,True,0.03963293688329983,0.047506216047513886,0.004023196623563166,0.02,True,True,False
192,PAIRED,12,HF200-3,TW-T,Mean_L_NC,-1.437623046733516,True,-1.599995469997644,-1.2885736269620773,0.16237242326412793,0.25,True,True,False
193,PAIRED,13,HF300-1,TW-T,P_cor,0.24585749999999998,True,0.24162925000000002,0.25025762500000004,0.00440012500000006,0.02,True,True,False
194,PAIRED,13,HF300-1,TW-T,P_C_given_C,0.178703230277602,True,0.17519761793504257,0.1824423517581409,0.003739121480538926,0.02,True,True,False
195,PAIRED,13,HF300-1,TW-T,P_C_given_E,0.2369678023826214,True,0.23251464317184337,0.24175440637653725,0.004786603993915839,0.02,True,True,False
196,PAIRED,13,HF300-1,TW-T,Mean_L_NC,-2.524154585154306,True,-2.6255730008143625,-2.431272811952478,0.10141841566005638,0.25,True,True,False
197,PAIRED,14,HF300-2,TW-T,P_cor,0.27295,True,0.26859737499999997,0.27747275,0.004522749999999964,0.02,True,True,False
198,PAIRED,14,HF300-2,TW-T,P_C_given_C,0.23715034692888015,True,0.23329021602800298,0.24110646178400427,0.003956114855124121,0.02,True,True,False
199,PAIRED,14,HF300-2,TW-T,P_C_given_E,0.16719035523328726,True,0.16308544450328874,0.17126653075530576,0.004104910729998523,0.02,True,True,False
200,PAIRED,14,HF300-2,TW-T,Mean_L_NC,-3.1169379050625188,True,-3.2542777609218794,-2.987934880388103,0.1373398558593606,0.25,True,True,False
201,PAIRED,15,HF300-3,TW-T,P_cor,0.3005775,True,0.29505243750000004,0.30609793750000003,0.005525062499999955,0.02,True,True,False
202,PAIRED,15,HF300-3,TW-T,P_C_given_C,0.32777550556609114,True,0.3235936321112808,0.3320197735206375,0.004244267954546355,0.02,True,True,False
203,PAIRED,15,HF300-3,TW-T,P_C_given_E,0.07089255204544667,True,0.06700218454043888,0.07484050594090984,0.003947953895463166,0.02,True,True,False
204,PAIRED,15,HF300-3,TW-T,Mean_L_NC,-2.705406363786717,True,-2.9070593160688025,-2.5075032204750647,0.20165295228208535,0.25,True,True,False
205,PAIRED,16,HF500-1,TW-T,P_cor,0.30600249999999996,True,0.30232475,0.309723,0.003720500000000071,0.02,True,True,False
206,PAIRED,16,HF500-1,TW-T,P_C_given_C,0.24606238390801888,True,0.2422802608796146,0.25007515692993315,0.004012773021914273,0.02,True,True,False
207,PAIRED,16,HF500-1,TW-T,P_C_given_E,0.28451115445347985,True,0.28047030659801797,0.2886636191696389,0.004152464716159043,0.02,True,True,False
208,PAIRED,16,HF500-1,TW-T,Mean_L_NC,-3.9816649241083986,True,-4.119360320602916,-3.851294800235463,0.13769539649451756,0.25,True,True,False
209,PAIRED,17,HF500-2,TW-T,P_cor,0.3295875,True,0.32556362499999997,0.33367649999999993,0.004088999999999954,0.02,True,True,False
210,PAIRED,17,HF500-2,TW-T,P_C_given_C,0.32915710337241827,True,0.3249705806366684,0.33339569627479926,0.004238592902380989,0.02,True,True,False
211,PAIRED,17,HF500-2,TW-T,P_C_given_E,0.20158648394736717,True,0.19782768410776008,0.20548599834951753,0.0038995144021503614,0.02,True,True,False
212,PAIRED,17,HF500-2,TW-T,Mean_L_NC,-4.83329120123969,True,-5.024974186486566,-4.652890240236821,0.19168298524687621,0.25,True,True,False
213,PAIRED,18,HF500-3,TW-T,P_cor,0.34289749999999997,True,0.33801175000000006,0.34779756250000005,0.00490006250000008,0.02,True,True,False
214,PAIRED,18,HF500-3,TW-T,P_C_given_C,0.43192555055172005,True,0.4275083024172243,0.4364261813675385,0.004500630815818474,0.02,True,True,False
215,PAIRED,18,HF500-3,TW-T,P_C_given_E,0.09295297891744565,True,0.08916279719900085,0.09665353252802586,0.0037901817184448072,0.02,True,True,False
216,PAIRED,18,HF500-3,TW-T,Mean_L_NC,-4.038846838356256,True,-4.289380570909609,-3.793733923273146,0.250533732553353,0.25,False,True,False
