MethodOrdinal,MethodCode,WidthStratum,TotalCycleCount,TotalCorrectCount,TotalErrorCount,Total_C_to_E_Count,PositiveSupportRepeatCount,P_cor_stratum,P_error_stratum,Estimator
0,FIRST,WIDTH_STRATUM_0NS,24986,3,24983,3,2000,0.00012006723765308573,0.9998799327623469,RATIO_OF_POOLED_COUNTS
0,FIRST,WIDTH_STRATUM_10NS,47051,15,47036,15,2000,0.00031880300099891605,0.999681196999001,RATIO_OF_POOLED_COUNTS
0,FIRST,WIDTH_STRATUM_GE20NS,327963,67,327896,66,2000,0.00020429133774236728,0.9997957086622576,RATIO_OF_POOLED_COUNTS
1,LAST,WIDTH_STRATUM_0NS,24986,3,24983,3,2000,0.00012006723765308573,0.9998799327623469,RATIO_OF_POOLED_COUNTS
1,LAST,WIDTH_STRATUM_10NS,47051,19,47032,19,2000,0.000403817134598627,0.9995961828654014,RATIO_OF_POOLED_COUNTS
1,LAST,WIDTH_STRATUM_GE20NS,327963,78,327885,78,2000,0.0002378317066254425,0.9997621682933746,RATIO_OF_POOLED_COUNTS
2,T,WIDTH_STRATUM_0NS,24986,6122,18864,3081,2000,0.24501720963739695,0.7549827903626031,RATIO_OF_POOLED_COUNTS
2,T,WIDTH_STRATUM_10NS,47051,11710,35341,5921,2000,0.24887887611315382,0.7511211238868462,RATIO_OF_POOLED_COUNTS
2,T,WIDTH_STRATUM_GE20NS,327963,80273,247690,40883,2000,0.2447623664864634,0.7552376335135366,RATIO_OF_POOLED_COUNTS
3,W,WIDTH_STRATUM_0NS,24986,5794,19192,185,2000,0.23188985832065956,0.7681101416793404,RATIO_OF_POOLED_COUNTS
3,W,WIDTH_STRATUM_10NS,47051,43568,3483,2430,2000,0.9259739431680517,0.07402605683194831,RATIO_OF_POOLED_COUNTS
3,W,WIDTH_STRATUM_GE20NS,327963,304675,23288,14079,2000,0.9289919899500858,0.07100801004991417,RATIO_OF_POOLED_COUNTS
4,TW,WIDTH_STRATUM_0NS,24986,11151,13835,246,2000,0.44628992235651965,0.5537100776434803,RATIO_OF_POOLED_COUNTS
4,TW,WIDTH_STRATUM_10NS,47051,47032,19,1970,2000,0.9995961828654014,0.000403817134598627,RATIO_OF_POOLED_COUNTS
4,TW,WIDTH_STRATUM_GE20NS,327963,327804,159,11215,2000,0.9995151892134174,0.0004848107865826328,RATIO_OF_POOLED_COUNTS
