ConditionOrdinal,ConditionCode,MethodOrdinal,MethodCode,RepeatID,N_C,N_E,N_N,N_CC,N_CE,N_CN,N_EC,N_EE,N_EN,N_NC,N_NE,N_NN,N_Cdot,N_Edot,N_Ndot,N_run_NC,Sum_L_NC_obs,N_open_NC,EndState,N_E_H,N_E_F
3,H300,0,FIRST,701,0,200,0,0,0,0,0,199,0,0,0,0,0,199,0,1,200,1,E,200,0
3,H300,1,LAST,701,0,200,0,0,0,0,0,199,0,0,0,0,0,199,0,1,200,1,E,200,0
3,H300,2,T,701,74,126,0,36,38,0,38,87,0,0,0,0,74,125,0,39,126,1,E,126,0
3,H300,3,W,701,127,73,0,120,7,0,6,66,0,0,0,0,127,72,0,7,73,1,E,73,0
3,H300,4,TW,701,190,10,0,179,10,0,10,0,0,0,0,0,189,10,0,10,10,0,C,10,0
3,H300,0,FIRST,702,0,200,0,0,0,0,0,199,0,0,0,0,0,199,0,1,200,1,E,200,0
3,H300,1,LAST,702,0,200,0,0,0,0,0,199,0,0,0,0,0,199,0,1,200,1,E,200,0
3,H300,2,T,702,58,142,0,27,30,0,31,111,0,0,0,0,57,142,0,31,142,0,C,142,0
3,H300,3,W,702,105,95,0,99,6,0,5,89,0,0,0,0,105,94,0,6,95,1,E,95,0
3,H300,4,TW,702,195,5,0,189,5,0,5,0,0,0,0,0,194,5,0,5,5,0,C,5,0
3,H300,0,FIRST,703,0,200,0,0,0,0,0,199,0,0,0,0,0,199,0,1,200,1,E,200,0
3,H300,1,LAST,703,0,200,0,0,0,0,0,199,0,0,0,0,0,199,0,1,200,1,E,200,0
3,H300,2,T,703,50,150,0,27,23,0,22,127,0,0,0,0,50,149,0,23,150,1,E,150,0
3,H300,3,W,703,192,8,0,184,7,0,7,1,0,0,0,0,191,8,0,7,8,0,C,8,0
3,H300,4,TW,703,193,7,0,185,7,0,7,0,0,0,0,0,192,7,0,7,7,0,C,7,0
3,H300,0,FIRST,704,0,200,0,0,0,0,0,199,0,0,0,0,0,199,0,1,200,1,E,200,0
3,H300,1,LAST,704,0,200,0,0,0,0,0,199,0,0,0,0,0,199,0,1,200,1,E,200,0
3,H300,2,T,704,51,149,0,26,25,0,25,123,0,0,0,0,51,148,0,26,149,1,E,149,0
3,H300,3,W,704,192,8,0,185,6,0,6,2,0,0,0,0,191,8,0,6,8,0,C,8,0
3,H300,4,TW,704,193,7,0,186,6,0,6,1,0,0,0,0,192,7,0,6,7,0,C,7,0
3,H300,0,FIRST,705,0,200,0,0,0,0,0,199,0,0,0,0,0,199,0,1,200,1,E,200,0
3,H300,1,LAST,705,0,200,0,0,0,0,0,199,0,0,0,0,0,199,0,1,200,1,E,200,0
3,H300,2,T,705,25,175,0,9,16,0,16,158,0,0,0,0,25,174,0,17,175,1,E,175,0
3,H300,3,W,705,193,7,0,185,7,0,7,0,0,0,0,0,192,7,0,7,7,0,C,7,0
3,H300,4,TW,705,192,8,0,183,8,0,8,0,0,0,0,0,191,8,0,8,8,0,C,8,0
3,H300,0,FIRST,706,0,200,0,0,0,0,0,199,0,0,0,0,0,199,0,1,200,1,E,200,0
3,H300,1,LAST,706,0,200,0,0,0,0,0,199,0,0,0,0,0,199,0,1,200,1,E,200,0
3,H300,2,T,706,76,124,0,41,35,0,35,88,0,0,0,0,76,123,0,36,124,1,E,124,0
3,H300,3,W,706,191,9,0,182,8,0,8,1,0,0,0,0,190,9,0,8,9,0,C,9,0
3,H300,4,TW,706,193,7,0,186,6,0,6,1,0,0,0,0,192,7,0,6,7,0,C,7,0
3,H300,0,FIRST,707,1,199,0,0,1,0,0,198,0,0,0,0,1,198,0,1,199,1,E,199,0
3,H300,1,LAST,707,0,200,0,0,0,0,0,199,0,0,0,0,0,199,0,1,200,1,E,200,0
3,H300,2,T,707,50,150,0,27,23,0,23,126,0,0,0,0,50,149,0,24,150,1,E,150,0
3,H300,3,W,707,162,38,0,151,10,0,10,28,0,0,0,0,161,38,0,10,38,0,C,38,0
3,H300,4,TW,707,191,9,0,181,9,0,9,0,0,0,0,0,190,9,0,9,9,0,C,9,0
3,H300,0,FIRST,708,0,200,0,0,0,0,0,199,0,0,0,0,0,199,0,1,200,1,E,200,0
3,H300,1,LAST,708,0,200,0,0,0,0,0,199,0,0,0,0,0,199,0,1,200,1,E,200,0
3,H300,2,T,708,62,138,0,25,37,0,36,101,0,0,0,0,62,137,0,37,138,1,E,138,0
3,H300,3,W,708,194,6,0,187,6,0,6,0,0,0,0,0,193,6,0,6,6,0,C,6,0
3,H300,4,TW,708,196,4,0,191,4,0,4,0,0,0,0,0,195,4,0,4,4,0,C,4,0
3,H300,0,FIRST,709,0,200,0,0,0,0,0,199,0,0,0,0,0,199,0,1,200,1,E,200,0
3,H300,1,LAST,709,0,200,0,0,0,0,0,199,0,0,0,0,0,199,0,1,200,1,E,200,0
3,H300,2,T,709,18,182,0,5,13,0,13,168,0,0,0,0,18,181,0,14,182,1,E,182,0
3,H300,3,W,709,142,58,0,136,6,0,5,52,0,0,0,0,142,57,0,6,58,1,E,58,0
3,H300,4,TW,709,191,9,0,182,9,0,8,0,0,0,0,0,191,8,0,9,9,1,E,9,0
3,H300,0,FIRST,710,0,200,0,0,0,0,0,199,0,0,0,0,0,199,0,1,200,1,E,200,0
3,H300,1,LAST,710,0,200,0,0,0,0,0,199,0,0,0,0,0,199,0,1,200,1,E,200,0
3,H300,2,T,710,76,124,0,45,31,0,31,92,0,0,0,0,76,123,0,32,124,1,E,124,0
3,H300,3,W,710,177,23,0,165,12,0,11,11,0,0,0,0,177,22,0,12,23,1,E,23,0
3,H300,4,TW,710,191,9,0,181,9,0,9,0,0,0,0,0,190,9,0,9,9,0,C,9,0
3,H300,0,FIRST,711,0,200,0,0,0,0,0,199,0,0,0,0,0,199,0,1,200,1,E,200,0
3,H300,1,LAST,711,0,200,0,0,0,0,0,199,0,0,0,0,0,199,0,1,200,1,E,200,0
3,H300,2,T,711,41,159,0,22,19,0,19,139,0,0,0,0,41,158,0,20,159,1,E,159,0
3,H300,3,W,711,191,9,0,182,8,0,8,1,0,0,0,0,190,9,0,8,9,0,C,9,0
3,H300,4,TW,711,192,8,0,183,8,0,8,0,0,0,0,0,191,8,0,8,8,0,C,8,0
3,H300,0,FIRST,712,0,200,0,0,0,0,0,199,0,0,0,0,0,199,0,1,200,1,E,200,0
3,H300,1,LAST,712,0,200,0,0,0,0,0,199,0,0,0,0,0,199,0,1,200,1,E,200,0
3,H300,2,T,712,29,171,0,15,14,0,13,157,0,0,0,0,29,170,0,14,171,1,E,171,0
3,H300,3,W,712,185,15,0,174,10,0,10,5,0,0,0,0,184,15,0,10,15,0,C,15,0
3,H300,4,TW,712,195,5,0,189,5,0,5,0,0,0,0,0,194,5,0,5,5,0,C,5,0
3,H300,0,FIRST,713,0,200,0,0,0,0,0,199,0,0,0,0,0,199,0,1,200,1,E,200,0
3,H300,1,LAST,713,0,200,0,0,0,0,0,199,0,0,0,0,0,199,0,1,200,1,E,200,0
3,H300,2,T,713,83,117,0,52,31,0,31,85,0,0,0,0,83,116,0,32,117,1,E,117,0
3,H300,3,W,713,155,45,0,146,9,0,8,36,0,0,0,0,155,44,0,9,45,1,E,45,0
3,H300,4,TW,713,193,7,0,185,7,0,7,0,0,0,0,0,192,7,0,7,7,0,C,7,0
3,H300,0,FIRST,714,0,200,0,0,0,0,0,199,0,0,0,0,0,199,0,1,200,1,E,200,0
3,H300,1,LAST,714,0,200,0,0,0,0,0,199,0,0,0,0,0,199,0,1,200,1,E,200,0
3,H300,2,T,714,59,141,0,31,28,0,27,113,0,0,0,0,59,140,0,28,141,1,E,141,0
3,H300,3,W,714,183,17,0,169,13,0,13,4,0,0,0,0,182,17,0,13,17,0,C,17,0
3,H300,4,TW,714,190,10,0,179,10,0,10,0,0,0,0,0,189,10,0,10,10,0,C,10,0
3,H300,0,FIRST,715,0,200,0,0,0,0,0,199,0,0,0,0,0,199,0,1,200,1,E,200,0
3,H300,1,LAST,715,0,200,0,0,0,0,0,199,0,0,0,0,0,199,0,1,200,1,E,200,0
3,H300,2,T,715,83,117,0,45,38,0,37,79,0,0,0,0,83,116,0,38,117,1,E,117,0
3,H300,3,W,715,193,7,0,186,6,0,6,1,0,0,0,0,192,7,0,6,7,0,C,7,0
3,H300,4,TW,715,196,4,0,191,4,0,4,0,0,0,0,0,195,4,0,4,4,0,C,4,0
3,H300,0,FIRST,716,0,200,0,0,0,0,0,199,0,0,0,0,0,199,0,1,200,1,E,200,0
3,H300,1,LAST,716,0,200,0,0,0,0,0,199,0,0,0,0,0,199,0,1,200,1,E,200,0
3,H300,2,T,716,74,126,0,33,41,0,40,85,0,0,0,0,74,125,0,41,126,1,E,126,0
3,H300,3,W,716,193,7,0,185,7,0,7,0,0,0,0,0,192,7,0,7,7,0,C,7,0
3,H300,4,TW,716,195,5,0,189,5,0,5,0,0,0,0,0,194,5,0,5,5,0,C,5,0
3,H300,0,FIRST,717,0,200,0,0,0,0,0,199,0,0,0,0,0,199,0,1,200,1,E,200,0
3,H300,1,LAST,717,0,200,0,0,0,0,0,199,0,0,0,0,0,199,0,1,200,1,E,200,0
3,H300,2,T,717,11,189,0,4,7,0,6,182,0,0,0,0,11,188,0,7,189,1,E,189,0
3,H300,3,W,717,141,59,0,130,11,0,10,48,0,0,0,0,141,58,0,11,59,1,E,59,0
3,H300,4,TW,717,189,11,0,177,11,0,11,0,0,0,0,0,188,11,0,11,11,0,C,11,0
3,H300,0,FIRST,718,0,200,0,0,0,0,0,199,0,0,0,0,0,199,0,1,200,1,E,200,0
3,H300,1,LAST,718,1,199,0,0,1,0,0,198,0,0,0,0,1,198,0,1,199,1,E,199,0
3,H300,2,T,718,60,140,0,30,29,0,30,110,0,0,0,0,59,140,0,30,140,0,C,140,0
3,H300,3,W,718,192,8,0,186,5,0,5,3,0,0,0,0,191,8,0,5,8,0,C,8,0
3,H300,4,TW,718,196,4,0,191,4,0,4,0,0,0,0,0,195,4,0,4,4,0,C,4,0
3,H300,0,FIRST,719,0,200,0,0,0,0,0,199,0,0,0,0,0,199,0,1,200,1,E,200,0
3,H300,1,LAST,719,0,200,0,0,0,0,0,199,0,0,0,0,0,199,0,1,200,1,E,200,0
3,H300,2,T,719,64,136,0,42,21,0,22,114,0,0,0,0,63,136,0,22,136,0,C,136,0
3,H300,3,W,719,53,147,0,50,3,0,2,144,0,0,0,0,53,146,0,3,147,1,E,147,0
3,H300,4,TW,719,186,14,0,171,14,0,14,0,0,0,0,0,185,14,0,14,14,0,C,14,0
3,H300,0,FIRST,720,0,200,0,0,0,0,0,199,0,0,0,0,0,199,0,1,200,1,E,200,0
3,H300,1,LAST,720,0,200,0,0,0,0,0,199,0,0,0,0,0,199,0,1,200,1,E,200,0
3,H300,2,T,720,69,131,0,30,38,0,39,92,0,0,0,0,68,131,0,39,131,0,C,131,0
3,H300,3,W,720,191,9,0,182,9,0,8,0,0,0,0,0,191,8,0,9,9,1,E,9,0
3,H300,4,TW,720,194,6,0,188,6,0,5,0,0,0,0,0,194,5,0,6,6,1,E,6,0
