ConditionOrdinal,ConditionCode,MethodOrdinal,MethodCode,Metric,NumeratorField,DenominatorField,TargetHalfWidth,Defined,UndefinedReason,SumA,SumB,PositiveDenominatorRepeatCount,SupportPass,ThetaHat,BBar,PsiMean,SPsiSq,SPsiUpperSq,RequiredR,ProjectedHalfWidthR1000,ProjectedHalfWidthR2000,R1000Pass,R2000TargetPass,ExceedsR2000
1,H100,2,T,P_cor,N_C,200,0.02,True,,26436,40000,200,True,0.6609,200.0,-3.4769821570523884e-17,0.028332854271356785,0.03368908023553418,324,0.011376289844796857,0.008044251693999515,True,True,False
1,H100,2,T,P_C_given_C,N_CC,N_Cdot,0.02,True,,20517,26301,200,True,0.7800844074369796,131.505,-1.5961353332788475e-17,0.001051115418616344,0.0012498250735850543,13,0.0021911932828220207,0.0015494076291738632,True,True,False
1,H100,2,T,P_C_given_E,N_EC,N_Edot,0.02,True,,5758,13499,200,True,0.4265501148233202,67.495,1.8561541192951835e-17,0.09788632763488993,0.11639139191801855,1118,0.021145429085082667,0.014952076297161207,False,True,False
1,H100,2,T,Mean_L_NC,Sum_L_NC_obs,N_run_NC,0.25,True,,13564,5823,200,True,2.3293834793061996,29.115,-2.168404344971009e-17,2.8541671554365395,3.3937373687879897,209,0.1141813534511478,0.0807384093103646,True,True,False
1,H100,4,TW,P_cor,N_C,200,0.02,True,,39174,40000,200,True,0.97935,200.0,-2.288425525465154e-17,0.002696560301507538,0.003206335496148139,31,0.003509623689514688,0.0024816787102687862,True,True,False
1,H100,4,TW,P_C_given_C,N_CC,N_Cdot,0.02,True,,38357,38980,200,True,0.9840174448435095,194.9,-2.0645377768468974e-17,7.80072377424753e-05,9.275423033941977e-05,1,0.0005969293519939483,0.0004220927926842123,True,True,False
1,H100,4,TW,P_C_given_E,N_EC,N_Edot,0.02,True,,621,820,190,True,0.7573170731707317,4.1,-7.875644580934704e-18,3.6749792712485294,4.369721114126489,41967,0.12956357756726355,0.09161528429260131,False,False,True
1,H100,4,TW,Mean_L_NC,Sum_L_NC_obs,N_run_NC,0.25,True,,826,627,190,True,1.3173843700159489,3.135,1.0160275398796159e-16,10.898571010841344,12.958907341999979,797,0.2231209054414828,0.15777030526215496,True,True,False
2,H200,2,T,P_cor,N_C,200,0.02,True,,14718,40000,200,True,0.36795,200.0,-1.717593081651536e-17,0.022700550251256283,0.026992009046490115,260,0.010182951534451905,0.0072004340825049026,True,True,False
2,H200,2,T,P_C_given_C,N_CC,N_Cdot,0.02,True,,8805,14645,200,True,0.601229088426084,73.225,-3.6296920330469714e-17,0.0028647656928315708,0.003406339522219509,33,0.0036174291850094957,0.0025579087071823407,True,True,False
2,H200,2,T,P_C_given_E,N_EC,N_Edot,0.02,True,,5796,25155,200,True,0.23041144901610017,125.775,1.0984865361080009e-17,0.021779650481119857,0.025897016429513465,249,0.009974265803337051,0.007052870986896716,True,True,False
2,H200,2,T,Mean_L_NC,Sum_L_NC_obs,N_run_NC,0.25,True,,25282,5923,200,True,4.268445044740841,29.615,-3.2982297448747032e-16,7.151486089181309,8.503449259092182,523,0.18073973186250034,0.1278022900298123,True,True,False
2,H200,4,TW,P_cor,N_C,200,0.02,True,,38810,40000,200,True,0.97025,200.0,8.525488258068203e-17,0.001733354271356784,0.0020610387702229968,20,0.0028138383997110892,0.0019896842135988142,True,True,False
2,H200,4,TW,P_C_given_C,N_CC,N_Cdot,0.02,True,,37576,38614,200,True,0.9731185580359455,193.07,3.199372190787475e-17,0.0001118726395648431,0.00013302176668699298,2,0.0007148541242132917,0.0005054781987903891,True,True,False
2,H200,4,TW,P_C_given_E,N_EC,N_Edot,0.02,True,,1039,1186,199,True,0.8760539629005059,5.93,9.575673587391974e-18,1.4923114337580454,1.7744276360855444,17042,0.08256295299216367,0.05838082393554508,False,False,True
2,H200,4,TW,Mean_L_NC,Sum_L_NC_obs,N_run_NC,0.25,True,,1190,1043,199,True,1.1409395973154361,5.215,9.648531973383e-17,2.508239675513164,2.9824135213845753,184,0.10703849673715987,0.07568764689085988,True,True,False
3,H300,2,T,P_cor,N_C,200,0.02,True,,9876,40000,200,True,0.2469,200.0,-1.2542050731312316e-17,0.016046874371859296,0.01908047925794865,184,0.008561516753317459,0.006053906553513009,True,True,False
3,H300,2,T,P_C_given_C,N_CC,N_Cdot,0.02,True,,4841,9849,199,True,0.49152198192709917,49.245,2.6425801651075444e-17,0.0049908265121317,0.00593432462534543,57,0.004774651974827799,0.0033761887892064775,True,True,False
3,H300,2,T,P_C_given_E,N_EC,N_Edot,0.02,True,,4937,29951,200,True,0.16483589863443623,149.755,9.201623837884477e-18,0.012410481448221145,0.014756639104073894,142,0.007529216744270965,0.005323960216897299,True,True,False
3,H300,2,T,Mean_L_NC,Sum_L_NC_obs,N_run_NC,0.25,True,,30124,5110,200,True,5.895107632093933,25.55,4.3545028693969813e-16,14.896663514110323,17.71282510269251,1089,0.2608554943153461,0.1844526889401501,False,True,False
3,H300,4,TW,P_cor,N_C,200,0.02,True,,38547,40000,200,True,0.963675,200.0,7.395993539827117e-17,0.00016494409547738694,0.00019612619377120023,2,0.0008680082868218729,0.0006137745457378641,True,True,False
3,H300,4,TW,P_C_given_C,N_CC,N_Cdot,0.02,True,,36954,38352,200,True,0.9635481852315394,191.76,3.0609610779754913e-17,0.00018717517176352906,0.00022255997645871686,3,0.0009246547493869302,0.000653829643547846,True,True,False
3,H300,4,TW,P_C_given_E,N_EC,N_Edot,0.02,True,,1398,1448,200,True,0.9654696132596685,7.24,9.367506770274759e-19,0.003478845464942751,0.0041365089049275015,40,0.0039863282114208165,0.002818759710330901,True,True,False
3,H300,4,TW,Mean_L_NC,Sum_L_NC_obs,N_run_NC,0.25,True,,1453,1403,200,True,1.0356379187455453,7.015,-6.382915029856662e-17,0.0039853256918480195,0.004738737428693739,1,0.004266653689493661,0.0030169797568155698,True,True,False
4,H400,2,T,P_cor,N_C,200,0.02,True,,8070,40000,200,True,0.20175,200.0,-7.37040636855646e-18,0.0118803391959799,0.014126275332709786,136,0.007366647766666865,0.005209006590422876,True,True,False
4,H400,2,T,P_C_given_C,N_CC,N_Cdot,0.02,True,,3413,8038,198,True,0.424608111470515,40.19,3.2040342601291625e-17,0.006888782832967723,0.008191082880754411,79,0.005609533313450072,0.00396653904523239,True,True,False
4,H400,2,T,P_C_given_E,N_EC,N_Edot,0.02,True,,4570,31762,200,True,0.14388262703859958,158.81,2.1727411536609508e-18,0.00951995181672937,0.011319665061647062,109,0.006594363145962114,0.004662918898116466,True,True,False
4,H400,2,T,Mean_L_NC,Sum_L_NC_obs,N_run_NC,0.25,True,,31930,4738,200,True,6.739130434782608,23.69,2.237272866967288e-16,19.50655718029309,23.194202873880087,1426,0.29850100462192375,0.21107208455915924,False,True,False
4,H400,4,TW,P_cor,N_C,200,0.02,True,,38466,40000,200,True,0.96165,200.0,-6.262568588710771e-17,0.00017414824120603014,0.00020707035071995092,2,0.0008918976731249854,0.00063066689279118,True,True,False
4,H400,4,TW,P_C_given_C,N_CC,N_Cdot,0.02,True,,36786,38272,200,True,0.9611726588628763,191.36,-2.5953631604958005e-17,0.00020209945613190616,0.00024030564404055587,3,0.0009608112000524345,0.000679396114997061,True,True,False
4,H400,4,TW,P_C_given_E,N_EC,N_Edot,0.02,True,,1483,1528,200,True,0.9705497382198953,7.64,-5.762751387194953e-17,0.0029805351200416635,0.003543994750483805,35,0.003689798129093052,0.0026090812782911333,True,True,False
4,H400,4,TW,Mean_L_NC,Sum_L_NC_obs,N_run_NC,0.25,True,,1534,1489,200,True,1.0302216252518468,7.445,7.201704510517715e-17,0.0033415640168741358,0.003973274884290568,1,0.003906882746575669,0.0027625832834043797,True,True,False
5,H500,2,T,P_cor,N_C,200,0.02,True,,7138,40000,200,True,0.17845,200.0,1.1375449193717913e-17,0.009841052763819096,0.011701469007928178,113,0.006704652365399483,0.0047409051530724,True,True,False
5,H500,2,T,P_C_given_C,N_CC,N_Cdot,0.02,True,,2664,7120,199,True,0.3741573033707865,35.6,1.301584708068848e-17,0.005774905128454179,0.0068666305329418585,66,0.005136034253716523,0.0036317246492093423,True,True,False
5,H500,2,T,P_C_given_E,N_EC,N_Edot,0.02,True,,4407,32680,200,True,0.1348531211750306,163.4,1.0300801552877437e-17,0.00798730697392329,0.00949727912808192,92,0.006040260548886902,0.004271109194251506,True,True,False
5,H500,2,T,Mean_L_NC,Sum_L_NC_obs,N_run_NC,0.25,True,,32862,4589,200,True,7.161037263020265,22.945,5.228716765115493e-16,20.920411231389462,24.87534103640097,1529,0.30912960085607777,0.21858763703082337,False,True,False
5,H500,4,TW,P_cor,N_C,200,0.02,True,,38373,40000,200,True,0.959325,200.0,-4.560696438560274e-17,0.00017956721105527636,0.00021351375766712023,3,0.0009056679587210807,0.0006404039551150544,True,True,False
5,H500,4,TW,P_C_given_C,N_CC,N_Cdot,0.02,True,,36618,38182,200,True,0.9590382902938558,190.91,-4.226111648131248e-17,0.0002015418538995759,0.00023964262907691776,3,0.0009594848221112657,0.0006784582241604443,True,True,False
5,H500,4,TW,P_C_given_E,N_EC,N_Edot,0.02,True,,1566,1618,200,True,0.9678615574783683,8.09,6.718584022458173e-17,0.003229029812492317,0.003839466486296095,37,0.003840533094995417,0.0027156669948426183,True,True,False
5,H500,4,TW,Mean_L_NC,Sum_L_NC_obs,N_run_NC,0.25,True,,1627,1575,200,True,1.033015873015873,7.875,4.7982451345518484e-17,0.0036519180579262867,0.004342300259930121,1,0.004084284598133136,0.0028880253356357135,True,True,False
6,F1,2,T,P_cor,N_C,200,0.02,True,,20180,40000,200,True,0.5045,200.0,4.272732341548124e-17,0.0016082914572864322,0.0019123332731578045,19,0.002710427918643664,0.0019165619611902745,True,True,False
6,F1,2,T,P_C_given_C,N_CC,N_Cdot,0.02,True,,11281,20068,200,True,0.5621387283236994,100.34,4.458022492825897e-17,0.0030004313091754053,0.0035676522438548705,35,0.0037020930377278296,0.0026177750915608537,True,True,False
6,F1,2,T,P_C_given_E,N_EC,N_Edot,0.02,True,,8791,19732,200,True,0.44551996756537604,98.66,9.241468267723318e-19,0.002710634591464584,0.0032230704808792906,31,0.0035187707454942107,0.0024881466555797993,True,True,False
6,F1,2,T,Mean_L_NC,Sum_L_NC_obs,N_run_NC,0.25,True,,19820,8879,200,True,2.232233359612569,44.395,2.39044894989604e-17,0.06677149247905978,0.07939440714405971,5,0.017464293701281473,0.01234912050480964,True,True,False
6,F1,4,TW,P_cor,N_C,200,0.02,True,,20151,40000,200,True,0.503775,200.0,2.288533945682403e-17,0.001701130025125628,0.002022722644130875,20,0.0027875600997455054,0.0019711026494950955,True,True,False
6,F1,4,TW,P_C_given_C,N_CC,N_Cdot,0.02,True,,11106,20051,200,True,0.5538875866540323,100.255,-4.099422624276317e-17,0.0029148024082523037,0.0034658355018475063,34,0.003648883892904429,0.0025801505444350897,True,True,False
6,F1,4,TW,P_C_given_E,N_EC,N_Edot,0.02,True,,8944,19749,200,True,0.4528836903134336,98.745,-2.5514292555876144e-17,0.0022539732858853963,0.002680078969442546,26,0.0032087055597250563,0.0022688974601125637,True,True,False
6,F1,4,TW,Mean_L_NC,Sum_L_NC_obs,N_run_NC,0.25,True,,19849,9044,200,True,2.1947147279964616,45.22,1.3129417258256336e-16,0.051832816435079775,0.06163162719120908,4,0.015387139403337734,0.01088035061516284,True,True,False
7,F2,2,T,P_cor,N_C,200,0.02,True,,19998,40000,200,True,0.49995,200.0,2.601177194645754e-17,0.003886178391959799,0.004620846682174508,45,0.00421324632726851,0.0029792150488208795,True,True,False
7,F2,2,T,P_C_given_C,N_CC,N_Cdot,0.02,True,,14013,19896,200,True,0.7043124246079614,99.48,-3.268869550043796e-19,0.002474758897220179,0.002942603320285253,29,0.003362187519340322,0.002377425594546318,True,True,False
7,F2,2,T,P_C_given_E,N_EC,N_Edot,0.02,True,,5844,19904,200,True,0.29360932475884244,99.52,5.6574346986651424e-18,0.0029049148985992802,0.003454078793439661,34,0.0036426898156277044,0.0025757706703895245,True,True,False
7,F2,2,T,Mean_L_NC,Sum_L_NC_obs,N_run_NC,0.25,True,,20002,5942,200,True,3.3662066644227533,29.71,1.2125717097077882e-17,0.36904540311009865,0.4388121322637147,27,0.04105777255653656,0.029032229395141933,True,True,False
7,F2,4,TW,P_cor,N_C,200,0.02,True,,19916,40000,200,True,0.4979,200.0,8.01875926770279e-18,0.0035061206030150755,0.004168940311454826,41,0.004001924674514109,0.0028297880751466937,True,True,False
7,F2,4,TW,P_C_given_C,N_CC,N_Cdot,0.02,True,,13342,19820,200,True,0.6731584258324924,99.1,1.8224489842580405e-17,0.0028196992931849825,0.003352753478996344,33,0.0035888630184101977,0.002537709377067472,True,True,False
7,F2,4,TW,P_C_given_E,N_EC,N_Edot,0.02,True,,6439,19980,200,True,0.3222722722722723,99.9,-2.6886045473295538e-17,0.0026943763538769196,0.0032037386809366025,31,0.0035082021772819836,0.0024806735493295012,True,True,False
7,F2,4,TW,Mean_L_NC,Sum_L_NC_obs,N_run_NC,0.25,True,,20084,6543,200,True,3.06953996637628,32.715,-1.2787947784032028e-16,0.23557675271439832,0.2801117052243218,18,0.03280361453848882,0.02319565828759506,True,True,False
8,F3,2,T,P_cor,N_C,200,0.02,True,,20221,40000,200,True,0.505525,200.0,-2.010056617679501e-17,0.009635275753768845,0.011456790581398464,111,0.006634184704807392,0.004691076992413381,True,True,False
8,F3,2,T,P_C_given_C,N_CC,N_Cdot,0.02,True,,17106,20124,200,True,0.8500298151460942,100.62,6.599538623919265e-18,0.0019392474940693326,0.0023058553790080883,23,0.002976268473104782,0.0021045396199641233,True,True,False
8,F3,2,T,P_C_given_E,N_EC,N_Edot,0.02,True,,2947,19676,200,True,0.14977637731246188,98.38,4.47897469980918e-18,0.0017729322756785647,0.0021080988563826446,21,0.0028457815388183904,0.002012271423873972,True,True,False
8,F3,2,T,Mean_L_NC,Sum_L_NC_obs,N_run_NC,0.25,True,,19779,3050,200,True,6.484918032786886,15.25,-3.6821240501083706e-16,3.1288621841695736,3.7203625218579064,229,0.1195497581092046,0.08453444464823004,True,True,False
8,F3,4,TW,P_cor,N_C,200,0.02,True,,20357,40000,200,True,0.508925,200.0,1.7232309329484607e-17,0.008867808417085428,0.010544236257148195,102,0.0063644903963680005,0.0045003743180684706,True,True,False
8,F3,4,TW,P_C_given_C,N_CC,N_Cdot,0.02,True,,16635,20265,200,True,0.8208734270910437,101.325,-4.9461845209874953e-17,0.0018891077594463184,0.0022462369047617156,22,0.002937540415608372,0.002077154747886229,True,True,False
8,F3,4,TW,P_C_given_E,N_EC,N_Edot,0.02,True,,3566,19535,200,True,0.1825441515229076,97.675,7.089869056425835e-18,0.0021890988625074548,0.0026029402656084256,25,0.0031621915382154396,0.0022360070800828574,True,True,False
8,F3,4,TW,Mean_L_NC,Sum_L_NC_obs,N_run_NC,0.25,True,,19643,3674,200,True,5.346488840500816,18.37,1.0961067123393953e-16,1.799018037408353,2.139116039173448,132,0.09065113444457669,0.0641000318880136,True,True,False
9,F4,2,T,P_cor,N_C,200,0.02,True,,21602,40000,200,True,0.54005,200.0,-2.494396833183088e-17,0.025424871859296483,0.030231354026055094,291,0.010776677114328575,0.00762026146619961,True,True,False
9,F4,2,T,P_C_given_C,N_CC,N_Cdot,0.02,True,,20196,21488,200,True,0.939873417721519,107.44,-1.0293025790421643e-17,0.0007906886473124652,0.000940165541583468,10,0.0019004578249850878,0.0013438266154059924,True,True,False
9,F4,2,T,P_C_given_E,N_EC,N_Edot,0.02,True,,1215,18312,200,True,0.06634993446920052,91.56,-4.445228907190568e-19,0.0008902712036581947,0.0010585738282551881,11,0.0020165855346662414,0.001425941306405199,True,True,False
9,F4,2,T,Mean_L_NC,Sum_L_NC_obs,N_run_NC,0.25,True,,18398,1301,200,True,14.141429669485012,6.505,-3.9163117193652395e-16,34.582563964710474,41.12027545828452,2528,0.3974514438274766,0.2810406111227929,False,False,True
9,F4,4,TW,P_cor,N_C,200,0.02,True,,21207,40000,200,True,0.530175,200.0,1.6412381436542444e-17,0.016744818467336685,0.019910367217956467,192,0.008745722766272754,0.006184159874409036,True,True,False
9,F4,4,TW,P_C_given_C,N_CC,N_Cdot,0.02,True,,19400,21101,200,True,0.9193877067437563,105.505,-2.632259915678198e-17,0.0009894816734025494,0.0011765396866685962,12,0.00212598091720177,0.0015032955232265675,True,True,False
9,F4,4,TW,P_C_given_E,N_EC,N_Edot,0.02,True,,1625,18699,200,True,0.08690304294347291,93.495,1.8397216801184502e-18,0.0011279238076301516,0.001341153817080701,13,0.002269840633986717,0.0016050197045047797,True,True,False
9,F4,4,TW,Mean_L_NC,Sum_L_NC_obs,N_run_NC,0.25,True,,18793,1719,200,True,10.932518906340896,8.595,2.9906632725840155e-16,16.533098534641216,19.658622380259324,1209,0.2748100502820161,0.1943200500926297,False,True,False
10,HF200-1,2,T,P_cor,N_C,200,0.02,True,,12414,40000,200,True,0.31035,200.0,-1.4409046872332353e-18,0.008928017587939699,0.010615827758957284,102,0.006386060124897847,0.004515626419380278,True,True,False
10,HF200-1,2,T,P_C_given_C,N_CC,N_Cdot,0.02,True,,5050,12357,200,True,0.4086752448005179,61.785,2.53106997166741e-18,0.0047255556644581614,0.005618905261456751,54,0.0046460291058507425,0.0032852386863371323,True,True,False
10,HF200-1,2,T,P_C_given_E,N_EC,N_Edot,0.02,True,,7275,27443,200,True,0.26509492402434137,137.215,-9.794682426234047e-18,0.01219375042629634,0.014498935848439126,140,0.007463183768028478,0.005277267851614306,True,True,False
10,HF200-1,2,T,Mean_L_NC,Sum_L_NC_obs,N_run_NC,0.25,True,,27586,7418,200,True,3.718792127258021,37.09,-7.894726539170449e-17,2.3038237031906483,2.7393534319547577,169,0.10258411253306916,0.0725379216141371,True,True,False
10,HF200-1,4,TW,P_cor,N_C,200,0.02,True,,19682,40000,200,True,0.49205,200.0,1.6692376647586827e-17,0.002033464824120603,0.0024178841623165147,24,0.00304771123926712,0.002155057284384237,True,True,False
10,HF200-1,4,TW,P_C_given_C,N_CC,N_Cdot,0.02,True,,10536,19587,200,True,0.5379077959871343,97.935,-1.7711526689723202e-17,0.0028211362116287767,0.0033544620417934865,33,0.003589777344035958,0.00253835590291766,True,True,False
10,HF200-1,4,TW,P_C_given_E,N_EC,N_Edot,0.02,True,,9023,20213,200,True,0.4463958838371345,101.065,-3.853796622099726e-18,0.003047196407582046,0.0036232581188350237,35,0.0037308321309483528,0.002638096699262238,True,True,False
10,HF200-1,4,TW,Mean_L_NC,Sum_L_NC_obs,N_run_NC,0.25,True,,20318,9128,200,True,2.2258983347940404,45.64,-1.2292033710337158e-16,0.07489395859309496,0.08905239677000341,6,0.018496045183542482,0.013078678974415671,True,True,False
11,HF200-2,2,T,P_cor,N_C,200,0.02,True,,11138,40000,200,True,0.27845,200.0,1.130606025467884e-17,0.010472962311557789,0.012452838822330907,120,0.006916561690599341,0.004890747673917886,True,True,False
11,HF200-2,2,T,P_C_given_C,N_CC,N_Cdot,0.02,True,,5529,11081,199,True,0.49896218752820143,55.405,-1.5134107075182035e-18,0.005867833379828384,0.006977126541805267,68,0.005177193189653938,0.0036608284119171107,True,True,False
11,HF200-2,2,T,P_C_given_E,N_EC,N_Edot,0.02,True,,5509,28719,200,True,0.19182422786308714,143.595,1.284223920781924e-17,0.008696708920849299,0.01034079100585963,100,0.006302791661487024,0.004456746724243501,True,True,False
11,HF200-2,2,T,Mean_L_NC,Sum_L_NC_obs,N_run_NC,0.25,True,,28862,5652,200,True,5.106510969568294,28.26,2.0990208269427991e-16,5.835087569312434,6.938190251543657,427,0.16325976745766274,0.11544208866425217,True,True,False
11,HF200-2,4,TW,P_cor,N_C,200,0.02,True,,19835,40000,200,True,0.495875,200.0,1.425075335514947e-17,0.0027709641959798993,0.0032948051839074006,32,0.0035577132535518754,0.002515683167103786,True,True,False
11,HF200-2,4,TW,P_C_given_C,N_CC,N_Cdot,0.02,True,,13188,19737,200,True,0.668186654506764,98.685,-9.74806173281717e-18,0.0024951563311748563,0.00296685681703912,29,0.003376014980466983,0.002387203086075574,True,True,False
11,HF200-2,4,TW,P_C_given_E,N_EC,N_Edot,0.02,True,,6504,20063,200,True,0.3241788366645068,100.315,-3.007170250660107e-18,0.0020020920665031953,0.002380580495751184,23,0.0030241094610608506,0.0021383683069665232,True,True,False
11,HF200-2,4,TW,Mean_L_NC,Sum_L_NC_obs,N_run_NC,0.25,True,,20165,6606,200,True,3.0525280048440813,33.03,-1.290439109735697e-16,0.1735414976366185,0.20634890442313472,13,0.02815510524277816,0.019908665842189355,True,True,False
12,HF200-3,2,T,P_cor,N_C,200,0.02,True,,10329,40000,200,True,0.258225,200.0,1.977151081744566e-17,0.012871079773869348,0.015304311915309227,147,0.0076676622678526945,0.005421855985446861,True,True,False
12,HF200-3,2,T,P_C_given_C,N_CC,N_Cdot,0.02,True,,5680,10274,200,True,0.5528518590617092,51.37,-2.604307828418806e-17,0.005641673286482454,0.006708211682122049,65,0.005076442257924349,0.003589586744880256,True,True,False
12,HF200-3,2,T,P_C_given_E,N_EC,N_Edot,0.02,True,,4547,29526,200,True,0.1539998645261803,147.63,6.9017599794996e-18,0.007114023244390536,0.008458904195897345,82,0.00570050229005824,0.004030863825469626,True,True,False
12,HF200-3,2,T,Mean_L_NC,Sum_L_NC_obs,N_run_NC,0.25,True,,29671,4692,200,True,6.323742540494458,23.46,3.7379821460348237e-16,11.234813688285564,13.358715509244213,822,0.22653662286772214,0.16018558221686582,True,True,False
12,HF200-3,4,TW,P_cor,N_C,200,0.02,True,,19394,40000,200,True,0.48485,200.0,5.8433076086106265e-18,0.006357012562814071,0.007558783320445404,73,0.005388675347784747,0.0038103688800313717,True,True,False
12,HF200-3,4,TW,P_C_given_C,N_CC,N_Cdot,0.02,True,,15270,19288,200,True,0.7916839485690584,96.44,3.782916905073486e-17,0.001578701460165404,0.001877149391659945,19,0.0026853783910281326,0.0018988492703478131,True,True,False
12,HF200-3,4,TW,P_C_given_E,N_EC,N_Edot,0.02,True,,3958,20512,200,True,0.19296021840873634,102.56,9.855397747893236e-18,0.0023052311981922586,0.002741027008911962,27,0.0032449852630537777,0.0022945510843557387,True,True,False
12,HF200-3,4,TW,Mean_L_NC,Sum_L_NC_obs,N_run_NC,0.25,True,,20606,4052,200,True,5.085389930898322,20.26,-3.1583568226023486e-16,1.523035467211905,1.810959939476972,112,0.08340853495593083,0.05897874067617388,True,True,False
13,HF300-1,2,T,P_cor,N_C,200,0.02,True,,10034,40000,200,True,0.25085,200.0,-8.53267109746092e-18,0.006835706030150755,0.008127972095952396,79,0.005587881316188697,0.003951228771142638,True,True,False
13,HF300-1,2,T,P_C_given_C,N_CC,N_Cdot,0.02,True,,3539,9992,200,True,0.35418334667734186,49.96,1.4397493342931806e-17,0.004759784707760257,0.005659605184420589,55,0.004662825246186064,0.0032971153510659994,True,True,False
13,HF300-1,2,T,P_C_given_E,N_EC,N_Edot,0.02,True,,6421,29808,200,True,0.21541196994095546,149.04,-1.562552170986109e-17,0.008049095178744829,0.009570748174649063,92,0.006063578661791388,0.004287597590010741,True,True,False
13,HF300-1,2,T,Mean_L_NC,Sum_L_NC_obs,N_run_NC,0.25,True,,29966,6579,200,True,4.5547955616355065,32.895,4.3159920082302962e-16,3.4367162890548415,4.0864153572336654,252,0.1252931491995825,0.08859563543524265,True,True,False
13,HF300-1,4,TW,P_cor,N_C,200,0.02,True,,19519,40000,200,True,0.487975,200.0,5.908901840045999e-18,0.002040979271356784,0.0024268191892446458,24,0.0030533372885094483,0.002159035501954777,True,True,False
13,HF300-1,4,TW,P_C_given_C,N_CC,N_Cdot,0.02,True,,10371,19416,200,True,0.5341470951792336,97.08,-1.959492138860208e-17,0.003124593381177824,0.003715286716747648,36,0.003777915490195323,0.002671389661866812,True,True,False
13,HF300-1,4,TW,P_C_given_E,N_EC,N_Edot,0.02,True,,9018,20384,200,True,0.44240580847723704,101.92,8.864979063327727e-18,0.0029084635008614925,0.0034582982464178426,34,0.0036449140653023334,0.0025773434524175064,True,True,False
13,HF300-1,4,TW,Mean_L_NC,Sum_L_NC_obs,N_run_NC,0.25,True,,20481,9115,200,True,2.2469555677454744,45.575,2.4581031654591356e-17,0.07408829640057657,0.08809442698741332,6,0.01839629176532181,0.013008142655945295,True,True,False
14,HF300-2,2,T,P_cor,N_C,200,0.02,True,,8461,40000,200,True,0.211525,200.0,2.0729945537922846e-18,0.007316130025125629,0.008699218549231433,84,0.005780909788149913,0.004087720512628491,True,True,False
14,HF300-2,2,T,P_C_given_C,N_CC,N_Cdot,0.02,True,,3526,8427,198,True,0.41841699299869467,42.135,1.544445994705601e-18,0.005523823105834136,0.006568082341335967,64,0.005023140961836155,0.0035518970369702615,True,True,False
14,HF300-2,2,T,P_C_given_E,N_EC,N_Edot,0.02,True,,4860,31373,200,True,0.15491027316482325,156.865,-1.547020974865254e-19,0.005977266195389684,0.007107247244383831,69,0.005225246502704435,0.003694807235433597,True,True,False
14,HF300-2,2,T,Mean_L_NC,Sum_L_NC_obs,N_run_NC,0.25,True,,31539,5026,200,True,6.27516912057302,25.13,2.76445533131664e-16,9.208662509667482,10.949527611264108,674,0.20509438137460567,0.14502362785324363,True,True,False
14,HF300-2,4,TW,P_cor,N_C,200,0.02,True,,19752,40000,200,True,0.4938,200.0,-2.5530792757688657e-17,0.002895788944723618,0.0034432276102373464,34,0.003636963456990981,0.0025717215233659915,True,True,False
14,HF300-2,4,TW,P_C_given_C,N_CC,N_Cdot,0.02,True,,12928,19641,200,True,0.6582149585051678,98.205,5.94251210739305e-18,0.0023919149368450024,0.0028440980019936806,28,0.003305432934497223,0.0023372940427403358,True,True,False
14,HF300-2,4,TW,P_C_given_E,N_EC,N_Edot,0.02,True,,6687,20159,200,True,0.3317128825834615,100.795,-6.391371806802049e-18,0.002905285171310062,0.003454519064897774,34,0.00364292196453771,0.002575934824458034,True,True,False
14,HF300-2,4,TW,Mean_L_NC,Sum_L_NC_obs,N_run_NC,0.25,True,,20248,6776,200,True,2.988193624557261,33.88,1.938553484404082e-17,0.2288323597671895,0.27209230862691686,17,0.03233063273153131,0.022861209644517544,True,True,False
15,HF300-3,2,T,P_cor,N_C,200,0.02,True,,8020,40000,200,True,0.2005,200.0,-7.493463315133563e-18,0.009106281407035175,0.010827791723021138,104,0.006449499568428391,0.004560484880095426,True,True,False
15,HF300-3,2,T,P_C_given_C,N_CC,N_Cdot,0.02,True,,3732,7989,199,True,0.4671423206909501,39.945,-1.7715863498413143e-17,0.007461398044322747,0.008871948974042053,86,0.005838020142024173,0.0041281036311289435,True,True,False
15,HF300-3,2,T,P_C_given_E,N_EC,N_Edot,0.02,True,,4194,31811,200,True,0.13184118701078243,159.055,5.203153988393716e-18,0.0058859633678687425,0.006998683940008467,68,0.005185185071329327,0.00366647952564422,True,True,False
15,HF300-3,2,T,Mean_L_NC,Sum_L_NC_obs,N_run_NC,0.25,True,,31980,4363,200,True,7.329818931927573,21.815,-1.2041583008493008e-16,16.86801536609278,20.056854055011883,1233,0.2775795571322457,0.1962783871669696,False,True,False
15,HF300-3,4,TW,P_cor,N_C,200,0.02,True,,19710,40000,200,True,0.49275,200.0,-5.631129243455213e-17,0.006562248743718593,0.007802818675990822,75,0.005474971070762506,0.003871389170936341,True,True,False
15,HF300-3,4,TW,P_C_given_C,N_CC,N_Cdot,0.02,True,,15573,19612,200,True,0.7940546604119927,98.06,-2.662637905298526e-17,0.0021004516998950873,0.0024975346702067773,24,0.0030975037028333568,0.0021902658730239073,True,True,False
15,HF300-3,4,TW,P_C_given_E,N_EC,N_Edot,0.02,True,,3968,20188,200,True,0.19655240737071528,100.94,3.724234462487708e-19,0.0022664806155067558,0.002694950765524603,26,0.0032175958199934488,0.0022751838234348577,True,True,False
15,HF300-3,4,TW,Mean_L_NC,Sum_L_NC_obs,N_run_NC,0.25,True,,20290,4070,200,True,4.985257985257985,20.35,4.926614671774132e-18,1.4071710915321642,1.6731918130704142,103,0.08017314805526413,0.056690976658950336,True,True,False
16,HF500-1,2,T,P_cor,N_C,200,0.02,True,,7073,40000,200,True,0.176825,200.0,-9.89768163262017e-18,0.005879190326633166,0.00699063047926503,68,0.0051822008885361185,0.0036643693897548415,True,True,False
16,HF500-1,2,T,P_C_given_C,N_CC,N_Cdot,0.02,True,,1965,7041,197,True,0.27907967618236046,35.205,-1.5525775109992424e-18,0.005733195271974192,0.006817035575508027,66,0.005117452869042531,0.003618585626102527,True,True,False
16,HF500-1,2,T,P_C_given_E,N_EC,N_Edot,0.02,True,,5054,32759,200,True,0.1542782136206844,163.795,1.6759055081194684e-18,0.006304926295173917,0.007496850327994566,72,0.005366553849541056,0.0037947266186132513,True,True,False
16,HF500-1,2,T,Mean_L_NC,Sum_L_NC_obs,N_run_NC,0.25,True,,32927,5222,200,True,6.305438529299119,26.11,2.348642114124999e-16,9.871713553328055,11.737926111330442,722,0.2123497514698028,0.1501539492475756,True,True,False
16,HF500-1,4,TW,P_cor,N_C,200,0.02,True,,19363,40000,200,True,0.484075,200.0,1.160530005428484e-17,0.0014894667085427137,0.0017710451256222678,18,0.0026083801399701127,0.0018444032848851826,True,True,False
16,HF500-1,4,TW,P_C_given_C,N_CC,N_Cdot,0.02,True,,10277,19267,200,True,0.5333990761405512,96.335,4.825228216119581e-17,0.0023679007729479075,0.002815544045284265,28,0.0032887982614268137,0.002325531552609428,True,True,False
16,HF500-1,4,TW,P_C_given_E,N_EC,N_Edot,0.02,True,,8976,20533,200,True,0.43714995373301513,102.665,1.5693013295098313e-17,0.002398453539569505,0.002851872704454094,28,0.003309947761133225,0.0023404865072705343,True,True,False
16,HF500-1,4,TW,Mean_L_NC,Sum_L_NC_obs,N_run_NC,0.25,True,,20637,9080,200,True,2.272797356828194,45.4,1.55127646839226e-17,0.06389764544834896,0.07597726948913074,5,0.017084328446545522,0.012080444496570576,True,True,False
17,HF500-2,2,T,P_cor,N_C,200,0.02,True,,5783,40000,200,True,0.144575,200.0,-1.357312699734603e-17,0.00591577324120603,0.00703412926454417,68,0.005198298854690146,0.0036757523707856656,True,True,False
17,HF500-2,2,T,P_C_given_C,N_CC,N_Cdot,0.02,True,,1870,5762,197,True,0.3245400902464422,28.81,8.03610650246256e-18,0.008932810191328768,0.010621526387078726,103,0.006387773929046146,0.004516838261915166,True,True,False
17,HF500-2,2,T,P_C_given_E,N_EC,N_Edot,0.02,True,,3853,34038,200,True,0.11319701510076972,170.19,3.0162504438546734e-18,0.00470563302180689,0.0055952163136241614,54,0.004636225079784046,0.003278306193022441,True,True,False
17,HF500-2,2,T,Mean_L_NC,Sum_L_NC_obs,N_run_NC,0.25,True,,34217,4032,200,True,8.486359126984127,20.16,4.1598668953923836e-16,24.383526630629653,28.99314616229907,1783,0.33373652826307176,0.23598736226447392,False,True,False
17,HF500-2,4,TW,P_cor,N_C,200,0.02,True,,19482,40000,200,True,0.48705,200.0,1.7056668577541955e-17,0.003032711055276382,0.0036060343618710515,35,0.0037219540035529496,0.00263181891517671,True,True,False
17,HF500-2,4,TW,P_C_given_C,N_CC,N_Cdot,0.02,True,,12681,19383,200,True,0.6542330908528091,96.915,4.0979047412348366e-17,0.0023330978642927764,0.0027741617697505925,27,0.0032645397615397296,0.002308378202837858,True,True,False
17,HF500-2,4,TW,P_C_given_E,N_EC,N_Edot,0.02,True,,6661,20417,200,True,0.32624773473086155,102.085,-1.5412475982967688e-17,0.003201918972016947,0.0038072304372457583,37,0.0038243766090335957,0.002704242634058869,True,True,False
17,HF500-2,4,TW,Mean_L_NC,Sum_L_NC_obs,N_run_NC,0.25,True,,20518,6762,200,True,3.0343093759242827,33.81,1.2771901591879242e-17,0.270932249907203,0.32215103420572067,20,0.0351791900561212,0.02487544384533366,True,True,False
18,HF500-3,2,T,P_cor,N_C,200,0.02,True,,5779,40000,200,True,0.144475,200.0,2.614011437862551e-18,0.007026481783919598,0.008354813331719118,81,0.005665320017009821,0.004005986201619531,True,True,False
18,HF500-3,2,T,P_C_given_C,N_CC,N_Cdot,0.02,True,,2053,5757,198,True,0.35660934514504083,28.785,-1.5692742244555192e-17,0.008000639382728172,0.009513131981651095,92,0.00604529964689186,0.004274672374621875,True,True,False
18,HF500-3,2,T,P_C_given_E,N_EC,N_Edot,0.02,True,,3662,34043,200,True,0.10756983814587434,170.215,-8.553270938738145e-18,0.004780271394218452,0.005683964806548322,55,0.004672849152373317,0.0033042033231049832,True,True,False
18,HF500-3,2,T,Mean_L_NC,Sum_L_NC_obs,N_run_NC,0.25,True,,34221,3840,200,True,8.91171875,19.2,-4.678896159404645e-16,29.85119595193517,35.49445904460365,2182,0.3692634748600914,0.2611087071180789,False,False,True
18,HF500-3,4,TW,P_cor,N_C,200,0.02,True,,18881,40000,200,True,0.472025,200.0,-5.806986835832362e-18,0.006984446608040202,0.008304831554403185,80,0.005648348510794573,0.00399398553448778,True,True,False
18,HF500-3,4,TW,P_C_given_C,N_CC,N_Cdot,0.02,True,,14729,18792,200,True,0.7837909748829289,93.96,-2.29585231034668e-17,0.002226121068404624,0.002646961388684159,26,0.003188819040141517,0.0022548355672608444,True,True,False
18,HF500-3,4,TW,P_C_given_E,N_EC,N_Edot,0.02,True,,3987,21008,200,True,0.1897848438690023,105.04,-1.0066817171527908e-17,0.0023719556882036974,0.002820365527938016,28,0.003291613010687417,0.00232752188089894,True,True,False
18,HF500-3,4,TW,Mean_L_NC,Sum_L_NC_obs,N_run_NC,0.25,True,,21119,4098,200,True,5.153489507076623,20.49,-1.0625181290357943e-16,1.6776730854522985,1.9948312529153496,123,0.08754052627897325,0.061900499760501146,True,True,False
