ConditionOrdinal,ConditionCode,Metric,TargetHalfWidth,Defined,UndefinedReason,ThetaT,ThetaTW,DeltaHat,SPsiDeltaSq,SPsiDeltaUpperSq,RequiredR,ProjectedHalfWidthR1000,ProjectedHalfWidthR2000,R1000Pass,R2000TargetPass,ExceedsR2000
1,H100,P_cor,0.02,True,,0.6609,0.97935,0.31845,0.030362912060301506,0.036102913274716174,347,0.011776797172242956,0.008327453141151549,True,True,False
1,H100,P_C_given_C,0.02,True,,0.7800844074369796,0.9840174448435095,0.2039330374065299,0.001094256091325652,0.0013011213379994758,13,0.0022357074343613893,0.0015808838875861163,True,True,False
1,H100,P_C_given_E,0.02,True,,0.4265501148233202,0.7573170731707317,0.3307669583474115,3.7513874381063648,4.4605739748820685,42840,0.13090355603232082,0.09256279215188723,False,False,True
1,H100,Mean_L_NC,0.25,True,,2.3293834793061996,1.3173843700159489,-1.0119991092902507,13.560586762017403,16.124167762666076,992,0.2488827090760987,0.1759866513077881,True,True,False
2,H200,P_cor,0.02,True,,0.36795,0.97025,0.6023,0.02499166834170854,0.0297162549145233,286,0.010684473074496126,0.0075550633643812915,True,True,False
2,H200,P_C_given_C,0.02,True,,0.601229088426084,0.9731185580359455,0.37188946960986147,0.002944064648981371,0.003500629665765883,34,0.003667154063303888,0.002593069505817981,True,True,False
2,H200,P_C_given_E,0.02,True,,0.23041144901610017,0.8760539629005059,0.6456425138844057,1.5280174675188145,1.8168837693341922,17450,0.0835448423798515,0.05907512457995426,False,False,True
2,H200,Mean_L_NC,0.25,True,,4.268445044740841,1.1409395973154361,-3.127505447425405,9.975201132453323,11.860977651536786,730,0.21345990664793169,0.15093894750219988,True,True,False
3,H300,P_cor,0.02,True,,0.2469,0.963675,0.7167749999999999,0.015874597361809045,0.018875633888021052,182,0.00851543511185551,0.006021321912347058,True,True,False
3,H300,P_C_given_C,0.02,True,,0.49152198192709917,0.9635481852315394,0.47202620330444023,0.005059455241637769,0.006015927373612487,58,0.004807367949145326,0.0033993224764995254,True,True,False
3,H300,P_C_given_E,0.02,True,,0.16483589863443623,0.9654696132596685,0.8006337146252323,0.015915892980936187,0.01892473629799451,182,0.008526503794778708,0.006029148653100855,True,True,False
3,H300,Mean_L_NC,0.25,True,,5.895107632093933,1.0356379187455453,-4.859469713348387,14.901190896011366,17.718208370140978,1090,0.2608951307992037,0.1844807161666682,False,True,False
4,H400,P_cor,0.02,True,,0.20175,0.96165,0.7599,0.012126371859296483,0.014418819601481675,139,0.0074425356822155715,0.005262667450117478,True,True,False
4,H400,P_C_given_C,0.02,True,,0.424608111470515,0.9611726588628763,0.5365645473923613,0.006961417535178734,0.008277448916708108,80,0.005639028973008196,0.003987395626121507,True,True,False
4,H400,P_C_given_E,0.02,True,,0.14388262703859958,0.9705497382198953,0.8266671111812958,0.012760432975824569,0.015172747731149216,146,0.007634633434814197,0.005398501073630662,True,True,False
4,H400,Mean_L_NC,0.25,True,,6.739130434782608,1.0302216252518468,-5.708908809530762,19.52247181294224,23.213126111585023,1427,0.2986227474092773,0.2111581697096575,False,True,False
5,H500,P_cor,0.02,True,,0.17845,0.959325,0.780875,0.009999607412060301,0.011889997852045198,115,0.0067584477321657845,0.004778944221709269,True,True,False
5,H500,P_C_given_C,0.02,True,,0.3741573033707865,0.9590382902938558,0.5848809869230693,0.00585254869265519,0.006958952338542119,67,0.005170445948246959,0.003656057391763934,True,True,False
5,H500,P_C_given_E,0.02,True,,0.1348531211750306,0.9678615574783683,0.8330084363033378,0.01032269922776236,0.012274169033613551,118,0.0068667639947452555,0.004855535385491996,True,True,False
5,H500,Mean_L_NC,0.25,True,,7.161037263020265,1.033015873015873,-6.128021390004393,20.875072276722623,24.82143091259426,1526,0.308794444564377,0.2183506457442044,False,True,False
6,F1,P_cor,0.02,True,,0.5045,0.503775,-0.0007249999999999757,0.002396079773869347,0.0028490501867378384,28,0.0033083094168127746,0.002339328022891625,True,True,False
6,F1,P_C_given_C,0.02,True,,0.5621387283236994,0.5538875866540323,-0.008251141669667117,0.003716762060867034,0.00441940279245091,43,0.004120385633345429,0.002913552622442181,True,True,False
6,F1,P_C_given_E,0.02,True,,0.44551996756537604,0.4528836903134336,0.007363722748057577,0.0040165333003870166,0.004775844725331067,46,0.00428332640559085,0.00302876914742869,True,True,False
6,F1,Mean_L_NC,0.25,True,,2.232233359612569,2.1947147279964616,-0.037518631616107356,0.09601246016352853,0.11416327642394099,8,0.020942054405196538,0.014808268681892082,True,True,False
7,F2,P_cor,0.02,True,,0.49995,0.4979,-0.0020499999999999963,0.004473414572864321,0.005319097787630596,52,0.004520381185360555,0.003196392189716532,True,True,False
7,F2,P_C_given_C,0.02,True,,0.7043124246079614,0.6731584258324924,-0.031153998775468983,0.003563668756278312,0.004237367739702038,41,0.0040346340489367,0.0028529170956092774,True,True,False
7,F2,P_C_given_E,0.02,True,,0.29360932475884244,0.3222722722722723,0.02866294751342985,0.00287085998364145,0.0034135859171681555,33,0.003621274866589553,0.002560628014705883,True,True,False
7,F2,Mean_L_NC,0.25,True,,3.3662066644227533,3.06953996637628,-0.29666669804647317,0.31535429741009485,0.37497091278973493,24,0.03795376474834935,0.026837364425116764,True,True,False
8,F3,P_cor,0.02,True,,0.505525,0.508925,0.0033999999999999586,0.010882603015075376,0.012939920653069587,125,0.007050531836736298,0.004985478872727881,True,True,False
8,F3,P_C_given_C,0.02,True,,0.8500298151460942,0.8208734270910437,-0.029156388055050497,0.0021592036703569724,0.0025673934930394333,25,0.0031405252495180303,0.0022206867004217735,True,True,False
8,F3,P_C_given_E,0.02,True,,0.14977637731246188,0.1825441515229076,0.032767774210445716,0.0020514354682143387,0.002439252093163148,24,0.0030611486146699166,0.0021645589436529037,True,True,False
8,F3,Mean_L_NC,0.25,True,,6.484918032786886,5.346488840500816,-1.1384291922860692,2.628624386844324,3.125556536921388,193,0.10957708698554276,0.07748270127014546,True,True,False
9,F4,P_cor,0.02,True,,0.54005,0.530175,-0.009875000000000078,0.018926491834170854,0.022504478224178243,217,0.009298021485563643,0.006574694044060268,True,True,False
9,F4,P_C_given_C,0.02,True,,0.939873417721519,0.9193877067437563,-0.02048571097776275,0.0006973435694126013,0.000829173906612901,8,0.0017847561401054546,0.0012620131694328948,True,True,False
9,F4,P_C_given_E,0.02,True,,0.06634993446920052,0.08690304294347291,0.020553108474272386,0.0008668854507971424,0.001030767081467208,10,0.0019899233201720176,0.001407088273734883,True,True,False
9,F4,Mean_L_NC,0.25,True,,14.141429669485012,10.932518906340896,-3.2089107631441163,23.106655288440766,27.4748868056714,1689,0.3248807860626221,0.22972540690209609,False,True,False
10,HF200-1,P_cor,0.02,True,,0.31035,0.49205,0.18169999999999997,0.009915939698492462,0.011790513052931252,114,0.006730114036488587,0.004758909273359847,True,True,False
10,HF200-1,P_C_given_C,0.02,True,,0.4086752448005179,0.5379077959871343,0.12923255118661642,0.005919413344842583,0.007038457516908121,68,0.005199897921782142,0.0036768830819699882,True,True,False
10,HF200-1,P_C_given_E,0.02,True,,0.26509492402434137,0.4463958838371345,0.18130095981279315,0.014418910974897198,0.01714475513444535,165,0.008115620205781271,0.005738610081042502,True,True,False
10,HF200-1,Mean_L_NC,0.25,True,,3.718792127258021,2.2258983347940404,-1.4928937924639807,2.315586000945979,2.7533393505296533,170,0.10284565352505042,0.0727228590231253,True,True,False
11,HF200-2,P_cor,0.02,True,,0.27845,0.495875,0.21742500000000003,0.013286677763819095,0.015798477236425437,152,0.007790470470481995,0.005508694498311372,True,True,False
11,HF200-2,P_C_given_C,0.02,True,,0.49896218752820143,0.668186654506764,0.16922446697856253,0.006986452794308528,0.008307217003095143,80,0.005649159657780111,0.003994559102021792,True,True,False
11,HF200-2,P_C_given_E,0.02,True,,0.19182422786308714,0.3241788366645068,0.13235460880141967,0.01090399275213025,0.01296535404431768,125,0.007057457339343313,0.004990375942584426,True,True,False
11,HF200-2,Mean_L_NC,0.25,True,,5.106510969568294,3.0525280048440813,-2.053982964724213,6.041958888741036,7.184169862772117,442,0.16612858557402266,0.11747064940832107,True,True,False
12,HF200-3,P_cor,0.02,True,,0.258225,0.48485,0.22662500000000002,0.01662787374371859,0.019771314507652047,190,0.008715129477672497,0.0061625271525809966,True,True,False
12,HF200-3,P_C_given_C,0.02,True,,0.5528518590617092,0.7916839485690584,0.23883208950734924,0.006198293273644986,0.007370058710614974,71,0.005320979002279419,0.003762500335063007,True,True,False
12,HF200-3,P_C_given_E,0.02,True,,0.1539998645261803,0.19296021840873634,0.03896035388255603,0.008691293577527452,0.01033435191102205,100,0.006300829016993106,0.004455358925012793,True,True,False
12,HF200-3,Mean_L_NC,0.25,True,,6.323742540494458,5.085389930898322,-1.2383526095961361,11.874417766495668,14.119234477909462,868,0.23289579466005175,0.16468219571395232,True,True,False
13,HF300-1,P_cor,0.02,True,,0.25085,0.487975,0.23712499999999997,0.009018451633165829,0.01072335804081551,103,0.006418321606899802,0.004538438732074989,True,True,False
13,HF300-1,P_C_given_C,0.02,True,,0.35418334667734186,0.5341470951792336,0.17996374850189178,0.005897902111465376,0.0070128796608873575,68,0.005190441070397088,0.0036701960782269433,True,True,False
13,HF300-1,P_C_given_E,0.02,True,,0.21541196994095546,0.44240580847723704,0.22699383853628158,0.012086855246266178,0.014371832512420182,139,0.007430399166916497,0.005254085637849529,True,True,False
13,HF300-1,Mean_L_NC,0.25,True,,4.5547955616355065,2.2469555677454744,-2.307839993890032,3.6125760965281484,4.295520839774593,265,0.12845883721285226,0.09083411489654664,True,True,False
14,HF300-2,P_cor,0.02,True,,0.211525,0.4938,0.28227500000000005,0.009453215452261307,0.011240312423340327,108,0.006571208732455864,0.004646546255311799,True,True,False
14,HF300-2,P_C_given_C,0.02,True,,0.41841699299869467,0.6582149585051678,0.2397979655064731,0.00694961380396825,0.0082634137318298,80,0.0056342461955613335,0.003984013691755926,True,True,False
14,HF300-2,P_C_given_E,0.02,True,,0.15491027316482325,0.3317128825834615,0.17680260941863823,0.007889350220984928,0.009380803997205707,91,0.006003107248389407,0.004244837843526266,True,True,False
14,HF300-2,Mean_L_NC,0.25,True,,6.27516912057302,2.988193624557261,-3.286975496015759,9.105746695133279,10.827155925724002,666,0.20394509605347547,0.1442109604091543,True,True,False
15,HF300-3,P_cor,0.02,True,,0.2005,0.49275,0.29225,0.013702701005025124,0.016293148201044973,157,0.007911495315623612,0.005594271987003062,True,True,False
15,HF300-3,P_C_given_C,0.02,True,,0.4671423206909501,0.7940546604119927,0.3269123397210426,0.008559811081551412,0.010178013113875757,98,0.006252987700153032,0.004421530005454284,True,True,False
15,HF300-3,P_C_given_E,0.02,True,,0.13184118701078243,0.19655240737071528,0.06471122035993285,0.007199517539204292,0.008560560884986126,83,0.005734653493957826,0.004055012373332707,True,True,False
15,HF300-3,Mean_L_NC,0.25,True,,7.329818931927573,4.985257985257985,-2.3445609466695876,17.07845149633265,20.307072391936497,1249,0.27930565569079197,0.19749892316271403,False,True,False
16,HF500-1,P_cor,0.02,True,,0.176825,0.484075,0.30724999999999997,0.007126319095477387,0.008473524534175367,82,0.005705426526605008,0.004034345786524011,True,True,False
16,HF500-1,P_C_given_C,0.02,True,,0.27907967618236046,0.5333990761405512,0.2543193999581907,0.008011483783378338,0.009526026477917185,92,0.006049395285279898,0.004277568428299345,True,True,False
16,HF500-1,P_C_given_E,0.02,True,,0.1542782136206844,0.43714995373301513,0.28287174011233074,0.008498806767856458,0.010105476150282199,98,0.006230665869626143,0.004405746087720223,True,True,False
16,HF500-1,Mean_L_NC,0.25,True,,6.305438529299119,2.272797356828194,-4.032641172470925,9.883483298003972,11.75192088463994,723,0.2124763028444179,0.15024343458273443,True,True,False
17,HF500-2,P_cor,0.02,True,,0.144575,0.48705,0.342475,0.009378642587939698,0.011151641822579,108,0.006545238515563775,0.004628182538838517,True,True,False
17,HF500-2,P_C_given_C,0.02,True,,0.3245400902464422,0.6542330908528091,0.3296930006063669,0.011724230090873141,0.013940654353013582,134,0.007318088395376007,0.005174669929692955,True,True,False
17,HF500-2,P_C_given_E,0.02,True,,0.11319701510076972,0.32624773473086155,0.2130507196300918,0.007562411661183562,0.008992058858161487,87,0.0058774053211866515,0.00415595315839298,True,True,False
17,HF500-2,Mean_L_NC,0.25,True,,8.486359126984127,3.0343093759242827,-5.452049751059844,24.419405476496618,29.035807777171822,1785,0.3339819742991877,0.23616091882102686,False,True,False
18,HF500-3,P_cor,0.02,True,,0.144475,0.472025,0.32755,0.014593967336683418,0.017352905282731635,167,0.008164736427720238,0.0057733404946418085,True,True,False
18,HF500-3,P_C_given_C,0.02,True,,0.35660934514504083,0.7837909748829289,0.4271816297378881,0.009699757689235824,0.011533462598869212,111,0.006656346589520108,0.004706747811377616,True,True,False
18,HF500-3,P_C_given_E,0.02,True,,0.10756983814587434,0.1897848438690023,0.08221500572312795,0.00721896432529807,0.008583684017260833,83,0.005742393274646836,0.0040604852247428025,True,True,False
18,HF500-3,Mean_L_NC,0.25,True,,8.91171875,5.153489507076623,-3.7582292429233775,31.68859995752649,37.679217783578856,2316,0.3804582540008779,0.2690246113624147,False,False,True
