ConditionOrdinal,ConditionCode,MethodOrdinal,MethodCode,RepeatID,WidthStratum,StratumCycleCount,StratumCorrectCount,StratumErrorCount,Stratum_C_to_E_Count
3,H300,0,FIRST,1541,WIDTH_STRATUM_0NS,11,0,11,0
3,H300,0,FIRST,1541,WIDTH_STRATUM_10NS,28,0,28,0
3,H300,0,FIRST,1541,WIDTH_STRATUM_GE20NS,161,0,161,0
3,H300,1,LAST,1541,WIDTH_STRATUM_0NS,11,0,11,0
3,H300,1,LAST,1541,WIDTH_STRATUM_10NS,28,0,28,0
3,H300,1,LAST,1541,WIDTH_STRATUM_GE20NS,161,0,161,0
3,H300,2,T,1541,WIDTH_STRATUM_0NS,11,5,6,1
3,H300,2,T,1541,WIDTH_STRATUM_10NS,28,8,20,4
3,H300,2,T,1541,WIDTH_STRATUM_GE20NS,161,67,94,26
3,H300,3,W,1541,WIDTH_STRATUM_0NS,11,1,10,0
3,H300,3,W,1541,WIDTH_STRATUM_10NS,28,17,11,3
3,H300,3,W,1541,WIDTH_STRATUM_GE20NS,161,99,62,4
3,H300,4,TW,1541,WIDTH_STRATUM_0NS,11,6,5,1
3,H300,4,TW,1541,WIDTH_STRATUM_10NS,28,28,0,1
3,H300,4,TW,1541,WIDTH_STRATUM_GE20NS,161,161,0,3
3,H300,0,FIRST,1542,WIDTH_STRATUM_0NS,8,0,8,0
3,H300,0,FIRST,1542,WIDTH_STRATUM_10NS,16,0,16,0
3,H300,0,FIRST,1542,WIDTH_STRATUM_GE20NS,176,0,176,0
3,H300,1,LAST,1542,WIDTH_STRATUM_0NS,8,0,8,0
3,H300,1,LAST,1542,WIDTH_STRATUM_10NS,16,0,16,0
3,H300,1,LAST,1542,WIDTH_STRATUM_GE20NS,176,0,176,0
3,H300,2,T,1542,WIDTH_STRATUM_0NS,8,3,5,2
3,H300,2,T,1542,WIDTH_STRATUM_10NS,16,8,8,4
3,H300,2,T,1542,WIDTH_STRATUM_GE20NS,176,49,127,24
3,H300,3,W,1542,WIDTH_STRATUM_0NS,8,0,8,0
3,H300,3,W,1542,WIDTH_STRATUM_10NS,16,14,2,0
3,H300,3,W,1542,WIDTH_STRATUM_GE20NS,176,145,31,5
3,H300,4,TW,1542,WIDTH_STRATUM_0NS,8,5,3,0
3,H300,4,TW,1542,WIDTH_STRATUM_10NS,16,16,0,0
3,H300,4,TW,1542,WIDTH_STRATUM_GE20NS,176,176,0,3
3,H300,0,FIRST,1543,WIDTH_STRATUM_0NS,18,0,18,0
3,H300,0,FIRST,1543,WIDTH_STRATUM_10NS,32,0,32,0
3,H300,0,FIRST,1543,WIDTH_STRATUM_GE20NS,150,0,150,0
3,H300,1,LAST,1543,WIDTH_STRATUM_0NS,18,0,18,0
3,H300,1,LAST,1543,WIDTH_STRATUM_10NS,32,0,32,0
3,H300,1,LAST,1543,WIDTH_STRATUM_GE20NS,150,0,150,0
3,H300,2,T,1543,WIDTH_STRATUM_0NS,18,7,11,4
3,H300,2,T,1543,WIDTH_STRATUM_10NS,32,12,20,7
3,H300,2,T,1543,WIDTH_STRATUM_GE20NS,150,31,119,17
3,H300,3,W,1543,WIDTH_STRATUM_0NS,18,5,13,0
3,H300,3,W,1543,WIDTH_STRATUM_10NS,32,30,2,1
3,H300,3,W,1543,WIDTH_STRATUM_GE20NS,150,144,6,11
3,H300,4,TW,1543,WIDTH_STRATUM_0NS,18,8,10,0
3,H300,4,TW,1543,WIDTH_STRATUM_10NS,32,32,0,1
3,H300,4,TW,1543,WIDTH_STRATUM_GE20NS,150,150,0,9
3,H300,0,FIRST,1544,WIDTH_STRATUM_0NS,7,0,7,0
3,H300,0,FIRST,1544,WIDTH_STRATUM_10NS,25,0,25,0
3,H300,0,FIRST,1544,WIDTH_STRATUM_GE20NS,168,0,168,0
3,H300,1,LAST,1544,WIDTH_STRATUM_0NS,7,0,7,0
3,H300,1,LAST,1544,WIDTH_STRATUM_10NS,25,0,25,0
3,H300,1,LAST,1544,WIDTH_STRATUM_GE20NS,168,0,168,0
3,H300,2,T,1544,WIDTH_STRATUM_0NS,7,1,6,0
3,H300,2,T,1544,WIDTH_STRATUM_10NS,25,1,24,0
3,H300,2,T,1544,WIDTH_STRATUM_GE20NS,168,11,157,6
3,H300,3,W,1544,WIDTH_STRATUM_0NS,7,3,4,0
3,H300,3,W,1544,WIDTH_STRATUM_10NS,25,25,0,1
3,H300,3,W,1544,WIDTH_STRATUM_GE20NS,168,168,0,3
3,H300,4,TW,1544,WIDTH_STRATUM_0NS,7,3,4,0
3,H300,4,TW,1544,WIDTH_STRATUM_10NS,25,25,0,0
3,H300,4,TW,1544,WIDTH_STRATUM_GE20NS,168,168,0,4
3,H300,0,FIRST,1545,WIDTH_STRATUM_0NS,11,0,11,0
3,H300,0,FIRST,1545,WIDTH_STRATUM_10NS,23,0,23,0
3,H300,0,FIRST,1545,WIDTH_STRATUM_GE20NS,166,0,166,0
3,H300,1,LAST,1545,WIDTH_STRATUM_0NS,11,0,11,0
3,H300,1,LAST,1545,WIDTH_STRATUM_10NS,23,0,23,0
3,H300,1,LAST,1545,WIDTH_STRATUM_GE20NS,166,0,166,0
3,H300,2,T,1545,WIDTH_STRATUM_0NS,11,3,8,3
3,H300,2,T,1545,WIDTH_STRATUM_10NS,23,5,18,5
3,H300,2,T,1545,WIDTH_STRATUM_GE20NS,166,40,126,20
3,H300,3,W,1545,WIDTH_STRATUM_0NS,11,2,9,0
3,H300,3,W,1545,WIDTH_STRATUM_10NS,23,22,1,0
3,H300,3,W,1545,WIDTH_STRATUM_GE20NS,166,164,2,9
3,H300,4,TW,1545,WIDTH_STRATUM_0NS,11,6,5,0
3,H300,4,TW,1545,WIDTH_STRATUM_10NS,23,23,0,0
3,H300,4,TW,1545,WIDTH_STRATUM_GE20NS,166,166,0,5
3,H300,0,FIRST,1546,WIDTH_STRATUM_0NS,7,0,7,0
3,H300,0,FIRST,1546,WIDTH_STRATUM_10NS,25,0,25,0
3,H300,0,FIRST,1546,WIDTH_STRATUM_GE20NS,168,0,168,0
3,H300,1,LAST,1546,WIDTH_STRATUM_0NS,7,0,7,0
3,H300,1,LAST,1546,WIDTH_STRATUM_10NS,25,0,25,0
3,H300,1,LAST,1546,WIDTH_STRATUM_GE20NS,168,1,167,1
3,H300,2,T,1546,WIDTH_STRATUM_0NS,7,3,4,2
3,H300,2,T,1546,WIDTH_STRATUM_10NS,25,7,18,2
3,H300,2,T,1546,WIDTH_STRATUM_GE20NS,168,61,107,33
3,H300,3,W,1546,WIDTH_STRATUM_0NS,7,3,4,0
3,H300,3,W,1546,WIDTH_STRATUM_10NS,25,25,0,0
3,H300,3,W,1546,WIDTH_STRATUM_GE20NS,168,168,0,4
3,H300,4,TW,1546,WIDTH_STRATUM_0NS,7,2,5,0
3,H300,4,TW,1546,WIDTH_STRATUM_10NS,25,25,0,1
3,H300,4,TW,1546,WIDTH_STRATUM_GE20NS,168,168,0,4
3,H300,0,FIRST,1547,WIDTH_STRATUM_0NS,8,0,8,0
3,H300,0,FIRST,1547,WIDTH_STRATUM_10NS,16,0,16,0
3,H300,0,FIRST,1547,WIDTH_STRATUM_GE20NS,176,0,176,0
3,H300,1,LAST,1547,WIDTH_STRATUM_0NS,8,0,8,0
3,H300,1,LAST,1547,WIDTH_STRATUM_10NS,16,0,16,0
3,H300,1,LAST,1547,WIDTH_STRATUM_GE20NS,176,1,175,1
3,H300,2,T,1547,WIDTH_STRATUM_0NS,8,1,7,1
3,H300,2,T,1547,WIDTH_STRATUM_10NS,16,3,13,1
3,H300,2,T,1547,WIDTH_STRATUM_GE20NS,176,47,129,27
3,H300,3,W,1547,WIDTH_STRATUM_0NS,8,1,7,0
3,H300,3,W,1547,WIDTH_STRATUM_10NS,16,16,0,0
3,H300,3,W,1547,WIDTH_STRATUM_GE20NS,176,175,1,5
3,H300,4,TW,1547,WIDTH_STRATUM_0NS,8,4,4,0
3,H300,4,TW,1547,WIDTH_STRATUM_10NS,16,16,0,0
3,H300,4,TW,1547,WIDTH_STRATUM_GE20NS,176,176,0,4
3,H300,0,FIRST,1548,WIDTH_STRATUM_0NS,15,0,15,0
3,H300,0,FIRST,1548,WIDTH_STRATUM_10NS,21,0,21,0
3,H300,0,FIRST,1548,WIDTH_STRATUM_GE20NS,164,0,164,0
3,H300,1,LAST,1548,WIDTH_STRATUM_0NS,15,0,15,0
3,H300,1,LAST,1548,WIDTH_STRATUM_10NS,21,0,21,0
3,H300,1,LAST,1548,WIDTH_STRATUM_GE20NS,164,0,164,0
3,H300,2,T,1548,WIDTH_STRATUM_0NS,15,1,14,1
3,H300,2,T,1548,WIDTH_STRATUM_10NS,21,9,12,4
3,H300,2,T,1548,WIDTH_STRATUM_GE20NS,164,69,95,29
3,H300,3,W,1548,WIDTH_STRATUM_0NS,15,5,10,0
3,H300,3,W,1548,WIDTH_STRATUM_10NS,21,14,7,0
3,H300,3,W,1548,WIDTH_STRATUM_GE20NS,164,126,38,3
3,H300,4,TW,1548,WIDTH_STRATUM_0NS,15,5,10,0
3,H300,4,TW,1548,WIDTH_STRATUM_10NS,21,21,0,0
3,H300,4,TW,1548,WIDTH_STRATUM_GE20NS,164,164,0,10
3,H300,0,FIRST,1549,WIDTH_STRATUM_0NS,11,0,11,0
3,H300,0,FIRST,1549,WIDTH_STRATUM_10NS,25,0,25,0
3,H300,0,FIRST,1549,WIDTH_STRATUM_GE20NS,164,0,164,0
3,H300,1,LAST,1549,WIDTH_STRATUM_0NS,11,0,11,0
3,H300,1,LAST,1549,WIDTH_STRATUM_10NS,25,0,25,0
3,H300,1,LAST,1549,WIDTH_STRATUM_GE20NS,164,0,164,0
3,H300,2,T,1549,WIDTH_STRATUM_0NS,11,5,6,4
3,H300,2,T,1549,WIDTH_STRATUM_10NS,25,8,17,3
3,H300,2,T,1549,WIDTH_STRATUM_GE20NS,164,66,98,31
3,H300,3,W,1549,WIDTH_STRATUM_0NS,11,4,7,0
3,H300,3,W,1549,WIDTH_STRATUM_10NS,25,25,0,3
3,H300,3,W,1549,WIDTH_STRATUM_GE20NS,164,164,0,4
3,H300,4,TW,1549,WIDTH_STRATUM_0NS,11,6,5,0
3,H300,4,TW,1549,WIDTH_STRATUM_10NS,25,25,0,2
3,H300,4,TW,1549,WIDTH_STRATUM_GE20NS,164,164,0,3
3,H300,0,FIRST,1550,WIDTH_STRATUM_0NS,14,0,14,0
3,H300,0,FIRST,1550,WIDTH_STRATUM_10NS,25,0,25,0
3,H300,0,FIRST,1550,WIDTH_STRATUM_GE20NS,161,0,161,0
3,H300,1,LAST,1550,WIDTH_STRATUM_0NS,14,0,14,0
3,H300,1,LAST,1550,WIDTH_STRATUM_10NS,25,0,25,0
3,H300,1,LAST,1550,WIDTH_STRATUM_GE20NS,161,0,161,0
3,H300,2,T,1550,WIDTH_STRATUM_0NS,14,7,7,3
3,H300,2,T,1550,WIDTH_STRATUM_10NS,25,13,12,4
3,H300,2,T,1550,WIDTH_STRATUM_GE20NS,161,79,82,39
3,H300,3,W,1550,WIDTH_STRATUM_0NS,14,3,11,0
3,H300,3,W,1550,WIDTH_STRATUM_10NS,25,23,2,2
3,H300,3,W,1550,WIDTH_STRATUM_GE20NS,161,157,4,8
3,H300,4,TW,1550,WIDTH_STRATUM_0NS,14,10,4,1
3,H300,4,TW,1550,WIDTH_STRATUM_10NS,25,25,0,0
3,H300,4,TW,1550,WIDTH_STRATUM_GE20NS,161,161,0,3
3,H300,0,FIRST,1551,WIDTH_STRATUM_0NS,11,0,11,0
3,H300,0,FIRST,1551,WIDTH_STRATUM_10NS,28,0,28,0
3,H300,0,FIRST,1551,WIDTH_STRATUM_GE20NS,161,0,161,0
3,H300,1,LAST,1551,WIDTH_STRATUM_0NS,11,0,11,0
3,H300,1,LAST,1551,WIDTH_STRATUM_10NS,28,0,28,0
3,H300,1,LAST,1551,WIDTH_STRATUM_GE20NS,161,0,161,0
3,H300,2,T,1551,WIDTH_STRATUM_0NS,11,5,6,3
3,H300,2,T,1551,WIDTH_STRATUM_10NS,28,15,13,6
3,H300,2,T,1551,WIDTH_STRATUM_GE20NS,161,75,86,27
3,H300,3,W,1551,WIDTH_STRATUM_0NS,11,2,9,0
3,H300,3,W,1551,WIDTH_STRATUM_10NS,28,17,11,2
3,H300,3,W,1551,WIDTH_STRATUM_GE20NS,161,115,46,3
3,H300,4,TW,1551,WIDTH_STRATUM_0NS,11,4,7,1
3,H300,4,TW,1551,WIDTH_STRATUM_10NS,28,28,0,2
3,H300,4,TW,1551,WIDTH_STRATUM_GE20NS,161,161,0,4
3,H300,0,FIRST,1552,WIDTH_STRATUM_0NS,11,0,11,0
3,H300,0,FIRST,1552,WIDTH_STRATUM_10NS,28,0,28,0
3,H300,0,FIRST,1552,WIDTH_STRATUM_GE20NS,161,1,160,1
3,H300,1,LAST,1552,WIDTH_STRATUM_0NS,11,0,11,0
3,H300,1,LAST,1552,WIDTH_STRATUM_10NS,28,0,28,0
3,H300,1,LAST,1552,WIDTH_STRATUM_GE20NS,161,0,161,0
3,H300,2,T,1552,WIDTH_STRATUM_0NS,11,3,8,2
3,H300,2,T,1552,WIDTH_STRATUM_10NS,28,5,23,3
3,H300,2,T,1552,WIDTH_STRATUM_GE20NS,161,12,149,7
3,H300,3,W,1552,WIDTH_STRATUM_0NS,11,4,7,0
3,H300,3,W,1552,WIDTH_STRATUM_10NS,28,28,0,2
3,H300,3,W,1552,WIDTH_STRATUM_GE20NS,161,161,0,5
3,H300,4,TW,1552,WIDTH_STRATUM_0NS,11,6,5,0
3,H300,4,TW,1552,WIDTH_STRATUM_10NS,28,28,0,3
3,H300,4,TW,1552,WIDTH_STRATUM_GE20NS,161,161,0,2
3,H300,0,FIRST,1553,WIDTH_STRATUM_0NS,11,0,11,0
3,H300,0,FIRST,1553,WIDTH_STRATUM_10NS,32,0,32,0
3,H300,0,FIRST,1553,WIDTH_STRATUM_GE20NS,157,0,157,0
3,H300,1,LAST,1553,WIDTH_STRATUM_0NS,11,0,11,0
3,H300,1,LAST,1553,WIDTH_STRATUM_10NS,32,0,32,0
3,H300,1,LAST,1553,WIDTH_STRATUM_GE20NS,157,0,157,0
3,H300,2,T,1553,WIDTH_STRATUM_0NS,11,1,10,1
3,H300,2,T,1553,WIDTH_STRATUM_10NS,32,14,18,6
3,H300,2,T,1553,WIDTH_STRATUM_GE20NS,157,63,94,30
3,H300,3,W,1553,WIDTH_STRATUM_0NS,11,2,9,0
3,H300,3,W,1553,WIDTH_STRATUM_10NS,32,32,0,3
3,H300,3,W,1553,WIDTH_STRATUM_GE20NS,157,157,0,6
3,H300,4,TW,1553,WIDTH_STRATUM_0NS,11,2,9,0
3,H300,4,TW,1553,WIDTH_STRATUM_10NS,32,32,0,3
3,H300,4,TW,1553,WIDTH_STRATUM_GE20NS,157,157,0,6
3,H300,0,FIRST,1554,WIDTH_STRATUM_0NS,15,0,15,0
3,H300,0,FIRST,1554,WIDTH_STRATUM_10NS,21,0,21,0
3,H300,0,FIRST,1554,WIDTH_STRATUM_GE20NS,164,0,164,0
3,H300,1,LAST,1554,WIDTH_STRATUM_0NS,15,0,15,0
3,H300,1,LAST,1554,WIDTH_STRATUM_10NS,21,0,21,0
3,H300,1,LAST,1554,WIDTH_STRATUM_GE20NS,164,0,164,0
3,H300,2,T,1554,WIDTH_STRATUM_0NS,15,3,12,2
3,H300,2,T,1554,WIDTH_STRATUM_10NS,21,3,18,2
3,H300,2,T,1554,WIDTH_STRATUM_GE20NS,164,33,131,18
3,H300,3,W,1554,WIDTH_STRATUM_0NS,15,2,13,0
3,H300,3,W,1554,WIDTH_STRATUM_10NS,21,21,0,0
3,H300,3,W,1554,WIDTH_STRATUM_GE20NS,164,161,3,13
3,H300,4,TW,1554,WIDTH_STRATUM_0NS,15,11,4,0
3,H300,4,TW,1554,WIDTH_STRATUM_10NS,21,21,0,0
3,H300,4,TW,1554,WIDTH_STRATUM_GE20NS,164,164,0,4
3,H300,0,FIRST,1555,WIDTH_STRATUM_0NS,8,0,8,0
3,H300,0,FIRST,1555,WIDTH_STRATUM_10NS,16,0,16,0
3,H300,0,FIRST,1555,WIDTH_STRATUM_GE20NS,176,0,176,0
3,H300,1,LAST,1555,WIDTH_STRATUM_0NS,8,0,8,0
3,H300,1,LAST,1555,WIDTH_STRATUM_10NS,16,0,16,0
3,H300,1,LAST,1555,WIDTH_STRATUM_GE20NS,176,0,176,0
3,H300,2,T,1555,WIDTH_STRATUM_0NS,8,1,7,1
3,H300,2,T,1555,WIDTH_STRATUM_10NS,16,1,15,0
3,H300,2,T,1555,WIDTH_STRATUM_GE20NS,176,19,157,15
3,H300,3,W,1555,WIDTH_STRATUM_0NS,8,3,5,0
3,H300,3,W,1555,WIDTH_STRATUM_10NS,16,16,0,0
3,H300,3,W,1555,WIDTH_STRATUM_GE20NS,176,176,0,5
3,H300,4,TW,1555,WIDTH_STRATUM_0NS,8,7,1,0
3,H300,4,TW,1555,WIDTH_STRATUM_10NS,16,16,0,0
3,H300,4,TW,1555,WIDTH_STRATUM_GE20NS,176,176,0,1
3,H300,0,FIRST,1556,WIDTH_STRATUM_0NS,11,0,11,0
3,H300,0,FIRST,1556,WIDTH_STRATUM_10NS,23,0,23,0
3,H300,0,FIRST,1556,WIDTH_STRATUM_GE20NS,166,0,166,0
3,H300,1,LAST,1556,WIDTH_STRATUM_0NS,11,0,11,0
3,H300,1,LAST,1556,WIDTH_STRATUM_10NS,23,0,23,0
3,H300,1,LAST,1556,WIDTH_STRATUM_GE20NS,166,0,166,0
3,H300,2,T,1556,WIDTH_STRATUM_0NS,11,2,9,2
3,H300,2,T,1556,WIDTH_STRATUM_10NS,23,7,16,2
3,H300,2,T,1556,WIDTH_STRATUM_GE20NS,166,41,125,15
3,H300,3,W,1556,WIDTH_STRATUM_0NS,11,1,10,0
3,H300,3,W,1556,WIDTH_STRATUM_10NS,23,17,6,0
3,H300,3,W,1556,WIDTH_STRATUM_GE20NS,166,136,30,8
3,H300,4,TW,1556,WIDTH_STRATUM_0NS,11,5,6,0
3,H300,4,TW,1556,WIDTH_STRATUM_10NS,23,23,0,0
3,H300,4,TW,1556,WIDTH_STRATUM_GE20NS,166,166,0,6
3,H300,0,FIRST,1557,WIDTH_STRATUM_0NS,12,0,12,0
3,H300,0,FIRST,1557,WIDTH_STRATUM_10NS,11,0,11,0
3,H300,0,FIRST,1557,WIDTH_STRATUM_GE20NS,177,0,177,0
3,H300,1,LAST,1557,WIDTH_STRATUM_0NS,12,0,12,0
3,H300,1,LAST,1557,WIDTH_STRATUM_10NS,11,0,11,0
3,H300,1,LAST,1557,WIDTH_STRATUM_GE20NS,177,0,177,0
3,H300,2,T,1557,WIDTH_STRATUM_0NS,12,4,8,3
3,H300,2,T,1557,WIDTH_STRATUM_10NS,11,5,6,3
3,H300,2,T,1557,WIDTH_STRATUM_GE20NS,177,61,116,32
3,H300,3,W,1557,WIDTH_STRATUM_0NS,12,1,11,0
3,H300,3,W,1557,WIDTH_STRATUM_10NS,11,10,1,0
3,H300,3,W,1557,WIDTH_STRATUM_GE20NS,177,171,6,9
3,H300,4,TW,1557,WIDTH_STRATUM_0NS,12,3,9,0
3,H300,4,TW,1557,WIDTH_STRATUM_10NS,11,11,0,0
3,H300,4,TW,1557,WIDTH_STRATUM_GE20NS,177,176,1,7
3,H300,0,FIRST,1558,WIDTH_STRATUM_0NS,8,0,8,0
3,H300,0,FIRST,1558,WIDTH_STRATUM_10NS,16,0,16,0
3,H300,0,FIRST,1558,WIDTH_STRATUM_GE20NS,176,0,176,0
3,H300,1,LAST,1558,WIDTH_STRATUM_0NS,8,0,8,0
3,H300,1,LAST,1558,WIDTH_STRATUM_10NS,16,0,16,0
3,H300,1,LAST,1558,WIDTH_STRATUM_GE20NS,176,0,176,0
3,H300,2,T,1558,WIDTH_STRATUM_0NS,8,0,8,0
3,H300,2,T,1558,WIDTH_STRATUM_10NS,16,1,15,1
3,H300,2,T,1558,WIDTH_STRATUM_GE20NS,176,4,172,1
3,H300,3,W,1558,WIDTH_STRATUM_0NS,8,1,7,0
3,H300,3,W,1558,WIDTH_STRATUM_10NS,16,16,0,0
3,H300,3,W,1558,WIDTH_STRATUM_GE20NS,176,176,0,6
3,H300,4,TW,1558,WIDTH_STRATUM_0NS,8,4,4,0
3,H300,4,TW,1558,WIDTH_STRATUM_10NS,16,16,0,0
3,H300,4,TW,1558,WIDTH_STRATUM_GE20NS,176,176,0,3
3,H300,0,FIRST,1559,WIDTH_STRATUM_0NS,11,0,11,0
3,H300,0,FIRST,1559,WIDTH_STRATUM_10NS,23,0,23,0
3,H300,0,FIRST,1559,WIDTH_STRATUM_GE20NS,166,0,166,0
3,H300,1,LAST,1559,WIDTH_STRATUM_0NS,11,0,11,0
3,H300,1,LAST,1559,WIDTH_STRATUM_10NS,23,0,23,0
3,H300,1,LAST,1559,WIDTH_STRATUM_GE20NS,166,0,166,0
3,H300,2,T,1559,WIDTH_STRATUM_0NS,11,2,9,1
3,H300,2,T,1559,WIDTH_STRATUM_10NS,23,6,17,5
3,H300,2,T,1559,WIDTH_STRATUM_GE20NS,166,45,121,26
3,H300,3,W,1559,WIDTH_STRATUM_0NS,11,2,9,0
3,H300,3,W,1559,WIDTH_STRATUM_10NS,23,22,1,0
3,H300,3,W,1559,WIDTH_STRATUM_GE20NS,166,166,0,9
3,H300,4,TW,1559,WIDTH_STRATUM_0NS,11,6,5,0
3,H300,4,TW,1559,WIDTH_STRATUM_10NS,23,23,0,0
3,H300,4,TW,1559,WIDTH_STRATUM_GE20NS,166,166,0,5
3,H300,0,FIRST,1560,WIDTH_STRATUM_0NS,14,0,14,0
3,H300,0,FIRST,1560,WIDTH_STRATUM_10NS,23,0,23,0
3,H300,0,FIRST,1560,WIDTH_STRATUM_GE20NS,163,0,163,0
3,H300,1,LAST,1560,WIDTH_STRATUM_0NS,14,0,14,0
3,H300,1,LAST,1560,WIDTH_STRATUM_10NS,23,0,23,0
3,H300,1,LAST,1560,WIDTH_STRATUM_GE20NS,163,0,163,0
3,H300,2,T,1560,WIDTH_STRATUM_0NS,14,8,6,6
3,H300,2,T,1560,WIDTH_STRATUM_10NS,23,8,15,3
3,H300,2,T,1560,WIDTH_STRATUM_GE20NS,163,61,102,31
3,H300,3,W,1560,WIDTH_STRATUM_0NS,14,5,9,0
3,H300,3,W,1560,WIDTH_STRATUM_10NS,23,23,0,2
3,H300,3,W,1560,WIDTH_STRATUM_GE20NS,163,162,1,7
3,H300,4,TW,1560,WIDTH_STRATUM_0NS,14,9,5,0
3,H300,4,TW,1560,WIDTH_STRATUM_10NS,23,23,0,1
3,H300,4,TW,1560,WIDTH_STRATUM_GE20NS,163,163,0,4
