ArtifactPath,ArtifactClass,RowCount,SHA256,ImmediateSourceArtifacts,InferenceClass,AllowedUse,SelectiveFilteringAllowed
artifacts/stage11/paper_data/F_only_individual.csv,SCENARIO_SLICE,80,9d14cb01de98f6b6c1c7dd57cd317fcb4d2bdb31413a3c2242fde6ef1f3dbe97,artifacts/stage11/paper_results_individual_master.csv,STAGE10_FROZEN_INFERENCE,Complete F-only individual graph-ready slice,false
artifacts/stage11/paper_data/F_only_paired.csv,SCENARIO_SLICE,32,3483e0499b35a7c89ed47e5bb02c7bddb5aaf98463a7734f87ab64368a9453fa,artifacts/stage11/paper_results_paired_master.csv,STAGE10_FROZEN_INFERENCE,Complete F-only paired graph-ready slice,false
artifacts/stage11/paper_data/H300_width_strata_summary.csv,DESCRIPTIVE_AGGREGATE,15,b0b8417c19dc634d38536bfad028cfd7f493ae428abbd0fb6a6b0824cc8df879,artifacts/stage9/formal_h300_width_strata.csv,STAGE9_FROZEN_DESCRIPTIVE,Pooled-count H300 width-stratum descriptive evidence only,false
artifacts/stage11/paper_data/HPRF_individual.csv,SCENARIO_SLICE,100,852d65d5725c37535398b53d54f434e75396a51daca75d9c85d4bf229b9ef1e2,artifacts/stage11/paper_results_individual_master.csv,STAGE10_FROZEN_INFERENCE,Complete HPRF individual graph-ready slice,false
artifacts/stage11/paper_data/HPRF_paired.csv,SCENARIO_SLICE,40,c6f3cab9516c23065fe0320ae9dcdbf13a793c6b3cfd91d0be9c5d6376502859,artifacts/stage11/paper_results_paired_master.csv,STAGE10_FROZEN_INFERENCE,Complete HPRF paired graph-ready slice,false
artifacts/stage11/paper_data/NI_consistency.csv,IDENTITY_RESULT,5,2ded0d7c8fabd8de37fe105e8de31880c378aeb8a34a03a9fb6dc6f28c82ce0e,artifacts/stage9/formal_aggregated_metrics.csv;artifacts/stage10/ni_consistency_report.json,IDENTITY_OR_METADATA,NI consistency evidence without inferential intervals,false
artifacts/stage11/paper_data/composite_individual.csv,SCENARIO_SLICE,180,ceae706848faa986a9c919197e773d2a514ae280f8c28832b9222ba2ccdf7fbc,artifacts/stage11/paper_results_individual_master.csv,STAGE10_FROZEN_INFERENCE,Complete composite individual graph-ready slice,false
artifacts/stage11/paper_data/composite_paired.csv,SCENARIO_SLICE,72,7185df3e1e86fdd0c7056a55f424cf78b58ff901d45e8db6d53c1634bdeac2eb,artifacts/stage11/paper_results_paired_master.csv,STAGE10_FROZEN_INFERENCE,Complete composite paired graph-ready slice,false
artifacts/stage11/paper_precision_audit_master.csv,PRECISION_AUDIT,216,6d78b2544414257468c7ebd02a3bb1a9f514d1f4589a7158221f2887333dd17e,artifacts/stage10/stage8_precision_target_audit.csv,STAGE10_FROZEN_INFERENCE,Complete frozen Stage 8 precision-target audit evidence,false
artifacts/stage11/paper_results_individual_master.csv,MASTER_RESULT,360,2585140d4ef89eb04d390c591da9af94806012f5d849481a57a0a1331e265610,artifacts/stage10/bootstrap_individual_summary.csv,STAGE10_FROZEN_INFERENCE,Graph-ready complete individual estimate and frozen CI mother table,false
artifacts/stage11/paper_results_paired_master.csv,MASTER_RESULT,144,28e6245ac0571edae335241a2a13292a20f005fe7c53af898fa316dd4e1e632b,artifacts/stage10/bootstrap_paired_summary.csv,STAGE10_FROZEN_INFERENCE,Graph-ready complete paired contrast and frozen CI mother table,false
artifacts/stage11/paper_statistical_precision_limitations.csv,PRECISION_LIMITATION,6,1c7ad01a3531aebc568118ec3bb1aa89bf0a07ebf0fb9b2f4000f912acaccc2c,artifacts/stage11/paper_precision_audit_master.csv,STAGE10_FROZEN_INFERENCE,Exact unfiltered false subset for statistical-precision limitations,false
artifacts/stage11/registry/condition_registry_export.csv,METADATA_REGISTRY,19,2c209a47e67400b0df8a27ebc2d689e3c09364fe5a327f1ffec850248d0b9463,src/sal_stability_stage1/contracts.py,IDENTITY_OR_METADATA,Condition identity and physical-parameter metadata,false
artifacts/stage11/registry/contrast_registry_export.csv,METADATA_REGISTRY,2,0c0e7b1a9808077b8124d04e0319b46820cb170a915ada74209ac3684b2ba3b3,artifacts/stage11/stage11_science_contract.json,IDENTITY_OR_METADATA,Frozen paired-contrast identity metadata,false
artifacts/stage11/registry/method_registry_export.csv,METADATA_REGISTRY,5,49c599c4384232fefa72bc5ea1ddba23bdc50228609ecb4e5c8bd61f7788a3ed,src/sal_stability_stage1/contracts.py,IDENTITY_OR_METADATA,Method identity and Chinese display-name metadata,false
artifacts/stage11/registry/metric_registry_export.csv,METADATA_REGISTRY,4,ba3c10b2ef685eca40d5157d461e9d2a5470dd8f78f88dffde02653d21ea0b5c,artifacts/stage11/stage11_science_contract.json,IDENTITY_OR_METADATA,Metric identity and predeclared preferred-direction metadata,false
