ConditionOrdinal,ConditionCode,MethodOrdinal,MethodCode,R,K,Total_N_C,Total_N_E,Total_N_N,Total_N_CC,Total_N_CE,Total_N_CN,Total_N_EC,Total_N_EE,Total_N_EN,Total_N_NC,Total_N_NE,Total_N_NN,Total_N_Cdot,Total_N_Edot,Total_N_Ndot,Total_N_run_NC,Total_Sum_L_NC_obs,Total_N_open_NC,Total_N_E_H,Total_N_E_F,P_cor_value,P_cor_defined,P_cor_undefined_reason,P_C_given_C_value,P_C_given_C_defined,P_C_given_C_undefined_reason,P_C_given_E_value,P_C_given_E_defined,P_C_given_E_undefined_reason,Mean_L_NC_value,Mean_L_NC_defined,Mean_L_NC_undefined_reason,P_E_given_C_value,P_E_given_C_defined,P_E_given_C_undefined_reason,P_N_given_C_value,P_N_given_C_defined,P_N_given_C_undefined_reason,P_E_given_E_value,P_E_given_E_defined,P_E_given_E_undefined_reason,P_N_given_E_value,P_N_given_E_defined,P_N_given_E_undefined_reason,P_N_value,P_N_defined,P_N_undefined_reason,P_open_NC_value,P_open_NC_defined,P_open_NC_undefined_reason,P_NC_end_value,P_NC_end_defined,P_NC_end_undefined_reason,P_E_H_value,P_E_H_defined,P_E_H_undefined_reason,P_E_F_value,P_E_F_defined,P_E_F_undefined_reason
0,NI,0,FIRST,200,200,40000,0,0,39800,0,0,0,0,0,0,0,0,39800,0,0,0,0,0,0,0,1.0,True,,1.0,True,,,False,E_DENOM_ZERO,,False,NO_NC_RUN,0.0,True,,0.0,True,,,False,E_DENOM_ZERO,,False,E_DENOM_ZERO,0.0,True,,,False,NO_NC_RUN,0.0,True,,,False,E_COUNT_ZERO,,False,E_COUNT_ZERO
0,NI,1,LAST,200,200,40000,0,0,39800,0,0,0,0,0,0,0,0,39800,0,0,0,0,0,0,0,1.0,True,,1.0,True,,,False,E_DENOM_ZERO,,False,NO_NC_RUN,0.0,True,,0.0,True,,,False,E_DENOM_ZERO,,False,E_DENOM_ZERO,0.0,True,,,False,NO_NC_RUN,0.0,True,,,False,E_COUNT_ZERO,,False,E_COUNT_ZERO
0,NI,2,T,200,200,40000,0,0,39800,0,0,0,0,0,0,0,0,39800,0,0,0,0,0,0,0,1.0,True,,1.0,True,,,False,E_DENOM_ZERO,,False,NO_NC_RUN,0.0,True,,0.0,True,,,False,E_DENOM_ZERO,,False,E_DENOM_ZERO,0.0,True,,,False,NO_NC_RUN,0.0,True,,,False,E_COUNT_ZERO,,False,E_COUNT_ZERO
0,NI,3,W,200,200,40000,0,0,39800,0,0,0,0,0,0,0,0,39800,0,0,0,0,0,0,0,1.0,True,,1.0,True,,,False,E_DENOM_ZERO,,False,NO_NC_RUN,0.0,True,,0.0,True,,,False,E_DENOM_ZERO,,False,E_DENOM_ZERO,0.0,True,,,False,NO_NC_RUN,0.0,True,,,False,E_COUNT_ZERO,,False,E_COUNT_ZERO
0,NI,4,TW,200,200,40000,0,0,39800,0,0,0,0,0,0,0,0,39800,0,0,0,0,0,0,0,1.0,True,,1.0,True,,,False,E_DENOM_ZERO,,False,NO_NC_RUN,0.0,True,,0.0,True,,,False,E_DENOM_ZERO,,False,E_DENOM_ZERO,0.0,True,,,False,NO_NC_RUN,0.0,True,,,False,E_COUNT_ZERO,,False,E_COUNT_ZERO
1,H100,0,FIRST,200,200,3159,36841,0,1516,1642,0,1545,35097,0,0,0,0,3158,36642,0,1744,36841,199,36841,0,0.078975,True,,0.48005066497783405,True,,0.04216472899950876,True,,21.12442660550459,True,,0.5199493350221659,True,,0.0,True,,0.9578352710004913,True,,0.0,True,,0.0,True,,0.11410550458715596,True,,0.995,True,,1.0,True,,0.0,True,
1,H100,1,LAST,200,200,2718,37282,0,1368,1343,0,1248,35841,0,0,0,0,2711,37089,0,1441,37282,193,37282,0,0.06795,True,,0.5046108447067503,True,,0.033648790746582544,True,,25.87231089521166,True,,0.4953891552932497,True,,0.0,True,,0.9663512092534174,True,,0.0,True,,0.0,True,,0.1339347675225538,True,,0.965,True,,1.0,True,,0.0,True,
1,H100,2,T,200,200,26436,13564,0,20517,5784,0,5758,7741,0,0,0,0,26301,13499,0,5823,13564,65,13564,0,0.6609,True,,0.7800844074369796,True,,0.4265501148233202,True,,2.3293834793061996,True,,0.21991559256302043,True,,0.0,True,,0.5734498851766797,True,,0.0,True,,0.0,True,,0.011162630946247639,True,,0.325,True,,1.0,True,,0.0,True,
1,H100,3,W,200,200,37354,2646,0,35984,1186,0,1177,1453,0,0,0,0,37170,2630,0,1193,2646,16,2646,0,0.93385,True,,0.9680925477535647,True,,0.44752851711026614,True,,2.2179379715004193,True,,0.0319074522464353,True,,0.0,True,,0.5524714828897338,True,,0.0,True,,0.0,True,,0.013411567476948869,True,,0.08,True,,1.0,True,,0.0,True,
1,H100,4,TW,200,200,39174,826,0,38357,623,0,621,199,0,0,0,0,38980,820,0,627,826,6,826,0,0.97935,True,,0.9840174448435095,True,,0.7573170731707317,True,,1.3173843700159489,True,,0.015982555156490507,True,,0.0,True,,0.2426829268292683,True,,0.0,True,,0.0,True,,0.009569377990430622,True,,0.03,True,,1.0,True,,0.0,True,
2,H200,0,FIRST,200,200,25,39975,0,1,24,0,2,39773,0,0,0,0,25,39775,0,202,39975,200,39975,0,0.000625,True,,0.04,True,,5.02828409805154e-05,True,,197.8960396039604,True,,0.96,True,,0.0,True,,0.9999497171590195,True,,0.0,True,,0.0,True,,0.9900990099009901,True,,1.0,True,,1.0,True,,0.0,True,
2,H200,1,LAST,200,200,36,39964,0,3,33,0,7,39757,0,0,0,0,36,39764,0,207,39964,200,39964,0,0.0009,True,,0.08333333333333333,True,,0.00017603862790463735,True,,193.06280193236714,True,,0.9166666666666666,True,,0.0,True,,0.9998239613720954,True,,0.0,True,,0.0,True,,0.966183574879227,True,,1.0,True,,1.0,True,,0.0,True,
2,H200,2,T,200,200,14718,25282,0,8805,5840,0,5796,19359,0,0,0,0,14645,25155,0,5923,25282,127,25282,0,0.36795,True,,0.601229088426084,True,,0.23041144901610017,True,,4.268445044740841,True,,0.39877091157391603,True,,0.0,True,,0.7695885509838998,True,,0.0,True,,0.0,True,,0.02144183690697282,True,,0.635,True,,1.0,True,,0.0,True,
2,H200,3,W,200,200,35793,4207,0,34135,1487,0,1465,2713,0,0,0,0,35622,4178,0,1494,4207,29,4207,0,0.894825,True,,0.9582561338498681,True,,0.3506462422211584,True,,2.8159303882195448,True,,0.04174386615013194,True,,0.0,True,,0.6493537577788415,True,,0.0,True,,0.0,True,,0.019410977242302542,True,,0.145,True,,1.0,True,,0.0,True,
2,H200,4,TW,200,200,38810,1190,0,37576,1038,0,1039,147,0,0,0,0,38614,1186,0,1043,1190,4,1190,0,0.97025,True,,0.9731185580359455,True,,0.8760539629005059,True,,1.1409395973154361,True,,0.026881441964054488,True,,0.0,True,,0.1239460370994941,True,,0.0,True,,0.0,True,,0.003835091083413231,True,,0.02,True,,1.0,True,,0.0,True,
3,H300,0,FIRST,200,200,11,39989,0,0,11,0,0,39789,0,0,0,0,11,39789,0,200,39989,200,39989,0,0.000275,True,,0.0,True,,0.0,True,,199.945,True,,1.0,True,,0.0,True,,1.0,True,,0.0,True,,0.0,True,,1.0,True,,1.0,True,,1.0,True,,0.0,True,
3,H300,1,LAST,200,200,12,39988,0,0,12,0,0,39788,0,0,0,0,12,39788,0,200,39988,200,39988,0,0.0003,True,,0.0,True,,0.0,True,,199.94,True,,1.0,True,,0.0,True,,1.0,True,,0.0,True,,0.0,True,,1.0,True,,1.0,True,,1.0,True,,0.0,True,
3,H300,2,T,200,200,9876,30124,0,4841,5008,0,4937,25014,0,0,0,0,9849,29951,0,5110,30124,173,30124,0,0.2469,True,,0.49152198192709917,True,,0.16483589863443623,True,,5.895107632093933,True,,0.5084780180729008,True,,0.0,True,,0.8351641013655637,True,,0.0,True,,0.0,True,,0.03385518590998043,True,,0.865,True,,1.0,True,,0.0,True,
3,H300,3,W,200,200,35646,4354,0,33740,1733,0,1715,2612,0,0,0,0,35473,4327,0,1742,4354,27,4354,0,0.89115,True,,0.9511459419840442,True,,0.3963485093598336,True,,2.499425947187141,True,,0.0488540580159558,True,,0.0,True,,0.6036514906401664,True,,0.0,True,,0.0,True,,0.015499425947187142,True,,0.135,True,,1.0,True,,0.0,True,
3,H300,4,TW,200,200,38547,1453,0,36954,1398,0,1398,50,0,0,0,0,38352,1448,0,1403,1453,5,1453,0,0.963675,True,,0.9635481852315394,True,,0.9654696132596685,True,,1.0356379187455453,True,,0.03645181476846058,True,,0.0,True,,0.034530386740331494,True,,0.0,True,,0.0,True,,0.003563791874554526,True,,0.025,True,,1.0,True,,0.0,True,
4,H400,0,FIRST,200,200,5,39995,0,0,5,0,0,39795,0,0,0,0,5,39795,0,200,39995,200,39995,0,0.000125,True,,0.0,True,,0.0,True,,199.975,True,,1.0,True,,0.0,True,,1.0,True,,0.0,True,,0.0,True,,1.0,True,,1.0,True,,1.0,True,,0.0,True,
4,H400,1,LAST,200,200,4,39996,0,0,4,0,0,39796,0,0,0,0,4,39796,0,200,39996,200,39996,0,0.0001,True,,0.0,True,,0.0,True,,199.98,True,,1.0,True,,0.0,True,,1.0,True,,0.0,True,,0.0,True,,1.0,True,,1.0,True,,1.0,True,,0.0,True,
4,H400,2,T,200,200,8070,31930,0,3413,4625,0,4570,27192,0,0,0,0,8038,31762,0,4738,31930,168,31930,0,0.20175,True,,0.424608111470515,True,,0.14388262703859958,True,,6.739130434782608,True,,0.575391888529485,True,,0.0,True,,0.8561173729614004,True,,0.0,True,,0.0,True,,0.03545799915576193,True,,0.84,True,,1.0,True,,0.0,True,
4,H400,3,W,200,200,35995,4005,0,34022,1797,0,1779,2202,0,0,0,0,35819,3981,0,1803,4005,24,4005,0,0.899875,True,,0.9498310952287892,True,,0.4468726450640543,True,,2.2212978369384357,True,,0.05016890477121081,True,,0.0,True,,0.5531273549359458,True,,0.0,True,,0.0,True,,0.013311148086522463,True,,0.12,True,,1.0,True,,0.0,True,
4,H400,4,TW,200,200,38466,1534,0,36786,1486,0,1483,45,0,0,0,0,38272,1528,0,1489,1534,6,1534,0,0.96165,True,,0.9611726588628763,True,,0.9705497382198953,True,,1.0302216252518468,True,,0.038827341137123744,True,,0.0,True,,0.029450261780104712,True,,0.0,True,,0.0,True,,0.004029550033579583,True,,0.03,True,,1.0,True,,0.0,True,
5,H500,0,FIRST,200,200,0,40000,0,0,0,0,0,39800,0,0,0,0,0,39800,0,200,40000,200,40000,0,0.0,True,,,False,C_DENOM_ZERO,0.0,True,,200.0,True,,,False,C_DENOM_ZERO,,False,C_DENOM_ZERO,1.0,True,,0.0,True,,0.0,True,,1.0,True,,1.0,True,,1.0,True,,0.0,True,
5,H500,1,LAST,200,200,2,39998,0,0,2,0,0,39798,0,0,0,0,2,39798,0,200,39998,200,39998,0,5e-05,True,,0.0,True,,0.0,True,,199.99,True,,1.0,True,,0.0,True,,1.0,True,,0.0,True,,0.0,True,,1.0,True,,1.0,True,,1.0,True,,0.0,True,
5,H500,2,T,200,200,7138,32862,0,2664,4456,0,4407,28273,0,0,0,0,7120,32680,0,4589,32862,182,32862,0,0.17845,True,,0.3741573033707865,True,,0.1348531211750306,True,,7.161037263020265,True,,0.6258426966292134,True,,0.0,True,,0.8651468788249694,True,,0.0,True,,0.0,True,,0.039660056657223795,True,,0.91,True,,1.0,True,,0.0,True,
5,H500,3,W,200,200,35438,4562,0,33402,1868,0,1848,2682,0,0,0,0,35270,4530,0,1880,4562,32,4562,0,0.88595,True,,0.9470371420470655,True,,0.40794701986754967,True,,2.426595744680851,True,,0.052962857952934504,True,,0.0,True,,0.5920529801324503,True,,0.0,True,,0.0,True,,0.01702127659574468,True,,0.16,True,,1.0,True,,0.0,True,
5,H500,4,TW,200,200,38373,1627,0,36618,1564,0,1566,52,0,0,0,0,38182,1618,0,1575,1627,9,1627,0,0.959325,True,,0.9590382902938558,True,,0.9678615574783683,True,,1.033015873015873,True,,0.04096170970614425,True,,0.0,True,,0.032138442521631644,True,,0.0,True,,0.0,True,,0.005714285714285714,True,,0.045,True,,1.0,True,,0.0,True,
6,F1,0,FIRST,200,200,30327,9673,0,22914,7258,0,7260,2368,0,0,0,0,30172,9628,0,7305,9673,45,0,9673,0.758175,True,,0.7594458438287154,True,,0.7540506855006232,True,,1.3241615331964407,True,,0.24055415617128464,True,,0.0,True,,0.24594931449937682,True,,0.0,True,,0.0,True,,0.006160164271047228,True,,0.225,True,,0.0,True,,1.0,True,
6,F1,1,LAST,200,200,9673,30327,0,2368,7260,0,7258,22914,0,0,0,0,9628,30172,0,7413,30327,155,0,30327,0.241825,True,,0.24594931449937682,True,,0.24055415617128464,True,,4.091056252529341,True,,0.7540506855006232,True,,0.0,True,,0.7594458438287154,True,,0.0,True,,0.0,True,,0.020909213543774452,True,,0.775,True,,0.0,True,,1.0,True,
6,F1,2,T,200,200,20180,19820,0,11281,8787,0,8791,10941,0,0,0,0,20068,19732,0,8879,19820,88,0,19820,0.5045,True,,0.5621387283236994,True,,0.44551996756537604,True,,2.232233359612569,True,,0.43786127167630057,True,,0.0,True,,0.554480032434624,True,,0.0,True,,0.0,True,,0.009911026016443293,True,,0.44,True,,0.0,True,,1.0,True,
6,F1,3,W,200,200,19994,20006,0,9935,9962,0,9963,9940,0,0,0,0,19897,19903,0,10066,20006,103,0,20006,0.49985,True,,0.49932150575463635,True,,0.5005778023413556,True,,1.9874826147426983,True,,0.5006784942453636,True,,0.0,True,,0.49942219765864443,True,,0.0,True,,0.0,True,,0.010232465726207033,True,,0.515,True,,0.0,True,,1.0,True,
6,F1,4,TW,200,200,20151,19849,0,11106,8945,0,8944,10805,0,0,0,0,20051,19749,0,9044,19849,100,0,19849,0.503775,True,,0.5538875866540323,True,,0.4528836903134336,True,,2.1947147279964616,True,,0.4461124133459678,True,,0.0,True,,0.5471163096865664,True,,0.0,True,,0.0,True,,0.011057054400707651,True,,0.5,True,,0.0,True,,1.0,True,
7,F2,0,FIRST,200,200,36896,3104,0,33869,2839,0,2846,246,0,0,0,0,36708,3092,0,2858,3104,12,0,3104,0.9224,True,,0.9226599106461807,True,,0.9204398447606728,True,,1.086074177746676,True,,0.07734008935381934,True,,0.0,True,,0.0795601552393273,True,,0.0,True,,0.0,True,,0.004198740377886634,True,,0.06,True,,0.0,True,,1.0,True,
7,F2,1,LAST,200,200,3105,36895,0,246,2847,0,2840,33867,0,0,0,0,3093,36707,0,3028,36895,188,0,36895,0.077625,True,,0.07953443258971872,True,,0.07736943907156674,True,,12.184610303830912,True,,0.9204655674102813,True,,0.0,True,,0.9226305609284333,True,,0.0,True,,0.0,True,,0.062087186261558784,True,,0.94,True,,0.0,True,,1.0,True,
7,F2,2,T,200,200,19998,20002,0,14013,5883,0,5844,14060,0,0,0,0,19896,19904,0,5942,20002,98,0,20002,0.49995,True,,0.7043124246079614,True,,0.29360932475884244,True,,3.3662066644227533,True,,0.2956875753920386,True,,0.0,True,,0.7063906752411575,True,,0.0,True,,0.0,True,,0.016492763379333558,True,,0.49,True,,0.0,True,,1.0,True,
7,F2,3,W,200,200,19987,20013,0,9916,9972,0,9979,9933,0,0,0,0,19888,19912,0,10080,20013,101,0,20013,0.499675,True,,0.498592115848753,True,,0.5011550823623946,True,,1.9854166666666666,True,,0.5014078841512469,True,,0.0,True,,0.49884491763760547,True,,0.0,True,,0.0,True,,0.01001984126984127,True,,0.505,True,,0.0,True,,1.0,True,
7,F2,4,TW,200,200,19916,20084,0,13342,6478,0,6439,13541,0,0,0,0,19820,19980,0,6543,20084,104,0,20084,0.4979,True,,0.6731584258324924,True,,0.3222722722722723,True,,3.06953996637628,True,,0.3268415741675076,True,,0.0,True,,0.6777277277277277,True,,0.0,True,,0.0,True,,0.01589484945743543,True,,0.52,True,,0.0,True,,1.0,True,
8,F3,0,FIRST,200,200,39315,685,0,38448,668,0,674,10,0,0,0,0,39116,684,0,675,685,1,0,685,0.982875,True,,0.9829225892218019,True,,0.9853801169590644,True,,1.0148148148148148,True,,0.01707741077819818,True,,0.0,True,,0.014619883040935672,True,,0.0,True,,0.0,True,,0.0014814814814814814,True,,0.005,True,,0.0,True,,1.0,True,
8,F3,1,LAST,200,200,689,39311,0,10,678,0,666,38446,0,0,0,0,688,39112,0,865,39311,199,0,39311,0.017225,True,,0.014534883720930232,True,,0.017028022090407036,True,,45.44624277456647,True,,0.9854651162790697,True,,0.0,True,,0.982971977909593,True,,0.0,True,,0.0,True,,0.2300578034682081,True,,0.995,True,,0.0,True,,1.0,True,
8,F3,2,T,200,200,20221,19779,0,17106,3018,0,2947,16729,0,0,0,0,20124,19676,0,3050,19779,103,0,19779,0.505525,True,,0.8500298151460942,True,,0.14977637731246188,True,,6.484918032786886,True,,0.14997018485390579,True,,0.0,True,,0.8502236226875381,True,,0.0,True,,0.0,True,,0.033770491803278686,True,,0.515,True,,0.0,True,,1.0,True,
8,F3,3,W,200,200,19942,20058,0,10141,9698,0,9707,10254,0,0,0,0,19839,19961,0,9804,20058,97,0,20058,0.49855,True,,0.5111648772619588,True,,0.48629828164921596,True,,2.0458996328029375,True,,0.48883512273804125,True,,0.0,True,,0.513701718350784,True,,0.0,True,,0.0,True,,0.009893920848633211,True,,0.485,True,,0.0,True,,1.0,True,
8,F3,4,TW,200,200,20357,19643,0,16635,3630,0,3566,15969,0,0,0,0,20265,19535,0,3674,19643,108,0,19643,0.508925,True,,0.8208734270910437,True,,0.1825441515229076,True,,5.346488840500816,True,,0.17912657290895634,True,,0.0,True,,0.8174558484770924,True,,0.0,True,,0.0,True,,0.02939575394665215,True,,0.54,True,,0.0,True,,1.0,True,
9,F4,0,FIRST,200,200,39911,89,0,39622,89,0,89,0,0,0,0,0,39711,89,0,89,89,0,0,89,0.997775,True,,0.9977588073833447,True,,1.0,True,,1.0,True,,0.002241192616655335,True,,0.0,True,,0.0,True,,0.0,True,,0.0,True,,0.0,True,,0.0,True,,0.0,True,,1.0,True,
9,F4,1,LAST,200,200,121,39879,0,3,118,0,94,39585,0,0,0,0,121,39679,0,294,39879,200,0,39879,0.003025,True,,0.024793388429752067,True,,0.0023690113158093703,True,,135.64285714285714,True,,0.9752066115702479,True,,0.0,True,,0.9976309886841906,True,,0.0,True,,0.0,True,,0.6802721088435374,True,,1.0,True,,0.0,True,,1.0,True,
9,F4,2,T,200,200,21602,18398,0,20196,1292,0,1215,17097,0,0,0,0,21488,18312,0,1301,18398,86,0,18398,0.54005,True,,0.939873417721519,True,,0.06634993446920052,True,,14.141429669485012,True,,0.060126582278481014,True,,0.0,True,,0.9336500655307994,True,,0.0,True,,0.0,True,,0.06610299769408147,True,,0.43,True,,0.0,True,,1.0,True,
9,F4,3,W,200,200,20082,19918,0,11649,8330,0,8329,11492,0,0,0,0,19979,19821,0,8426,19918,97,0,19918,0.50205,True,,0.5830622153260924,True,,0.42021088744261137,True,,2.36387372418704,True,,0.41693778467390763,True,,0.0,True,,0.5797891125573886,True,,0.0,True,,0.0,True,,0.011511986707809162,True,,0.485,True,,0.0,True,,1.0,True,
9,F4,4,TW,200,200,21207,18793,0,19400,1701,0,1625,17074,0,0,0,0,21101,18699,0,1719,18793,94,0,18793,0.530175,True,,0.9193877067437563,True,,0.08690304294347291,True,,10.932518906340896,True,,0.08061229325624378,True,,0.0,True,,0.913096957056527,True,,0.0,True,,0.0,True,,0.054682955206515414,True,,0.47,True,,0.0,True,,1.0,True,
10,HF200-1,0,FIRST,200,200,33,39967,0,3,30,0,7,39760,0,0,0,0,33,39767,0,207,39967,200,39956,11,0.000825,True,,0.09090909090909091,True,,0.0001760253476500616,True,,193.07729468599032,True,,0.9090909090909091,True,,0.0,True,,0.99982397465235,True,,0.0,True,,0.0,True,,0.966183574879227,True,,1.0,True,,0.9997247729376736,True,,0.0002752270623264193,True,
10,HF200-1,1,LAST,200,200,14,39986,0,0,14,0,0,39786,0,0,0,0,14,39786,0,200,39986,200,39938,48,0.00035,True,,0.0,True,,0.0,True,,199.93,True,,1.0,True,,0.0,True,,1.0,True,,0.0,True,,0.0,True,,1.0,True,,1.0,True,,0.9987995798529485,True,,0.001200420147051468,True,
10,HF200-1,2,T,200,200,12414,27586,0,5050,7307,0,7275,20168,0,0,0,0,12357,27443,0,7418,27586,143,15189,12397,0.31035,True,,0.4086752448005179,True,,0.26509492402434137,True,,3.718792127258021,True,,0.591324755199482,True,,0.0,True,,0.7349050759756587,True,,0.0,True,,0.0,True,,0.019277433270423295,True,,0.715,True,,0.5506053795403466,True,,0.44939462045965345,True,
10,HF200-1,3,W,200,200,18904,21096,0,9129,9686,0,9673,11312,0,0,0,0,18815,20985,0,9784,21096,111,2228,18868,0.4726,True,,0.48519798033483924,True,,0.46094829640219204,True,,2.1561733442354867,True,,0.5148020196651608,True,,0.0,True,,0.539051703597808,True,,0.0,True,,0.0,True,,0.011345053147996728,True,,0.555,True,,0.1056124383769435,True,,0.8943875616230565,True,
10,HF200-1,4,TW,200,200,19682,20318,0,10536,9051,0,9023,11190,0,0,0,0,19587,20213,0,9128,20318,105,745,19573,0.49205,True,,0.5379077959871343,True,,0.4463958838371345,True,,2.2258983347940404,True,,0.46209220401286566,True,,0.0,True,,0.5536041161628655,True,,0.0,True,,0.0,True,,0.011503067484662576,True,,0.525,True,,0.03666699478295108,True,,0.9633330052170489,True,
11,HF200-2,0,FIRST,200,200,34,39966,0,2,32,0,8,39758,0,0,0,0,34,39766,0,208,39966,200,39966,0,0.00085,True,,0.058823529411764705,True,,0.00020117688477593924,True,,192.14423076923077,True,,0.9411764705882353,True,,0.0,True,,0.9997988231152241,True,,0.0,True,,0.0,True,,0.9615384615384616,True,,1.0,True,,1.0,True,,0.0,True,
11,HF200-2,1,LAST,200,200,3,39997,0,0,3,0,0,39797,0,0,0,0,3,39797,0,200,39997,200,39897,100,7.5e-05,True,,0.0,True,,0.0,True,,199.985,True,,1.0,True,,0.0,True,,1.0,True,,0.0,True,,0.0,True,,1.0,True,,1.0,True,,0.9974998124859364,True,,0.002500187514063555,True,
11,HF200-2,2,T,200,200,11138,28862,0,5529,5552,0,5509,23210,0,0,0,0,11081,28719,0,5652,28862,143,18158,10704,0.27845,True,,0.49896218752820143,True,,0.19182422786308714,True,,5.106510969568294,True,,0.5010378124717986,True,,0.0,True,,0.8081757721369128,True,,0.0,True,,0.0,True,,0.02530077848549186,True,,0.715,True,,0.6291317303028203,True,,0.3708682696971797,True,
11,HF200-2,3,W,200,200,18909,21091,0,9059,9755,0,9766,11220,0,0,0,0,18814,20986,0,9871,21091,105,2241,18850,0.472725,True,,0.48150313596258104,True,,0.46535785761936527,True,,2.136662952081856,True,,0.5184968640374189,True,,0.0,True,,0.5346421423806347,True,,0.0,True,,0.0,True,,0.010637220139803465,True,,0.525,True,,0.10625385235408467,True,,0.8937461476459153,True,
11,HF200-2,4,TW,200,200,19835,20165,0,13188,6549,0,6504,13559,0,0,0,0,19737,20063,0,6606,20165,102,845,19320,0.495875,True,,0.668186654506764,True,,0.3241788366645068,True,,3.0525280048440813,True,,0.33181334549323604,True,,0.0,True,,0.6758211633354932,True,,0.0,True,,0.0,True,,0.015440508628519528,True,,0.51,True,,0.04190428961071163,True,,0.9580957103892884,True,
12,HF200-3,0,FIRST,200,200,33,39967,0,3,30,0,4,39763,0,0,0,0,33,39767,0,204,39967,200,39967,0,0.000825,True,,0.09090909090909091,True,,0.00010058591294289235,True,,195.91666666666666,True,,0.9090909090909091,True,,0.0,True,,0.9998994140870571,True,,0.0,True,,0.0,True,,0.9803921568627451,True,,1.0,True,,1.0,True,,0.0,True,
12,HF200-3,1,LAST,200,200,4,39996,0,0,4,0,0,39796,0,0,0,0,4,39796,0,200,39996,200,39858,138,0.0001,True,,0.0,True,,0.0,True,,199.98,True,,1.0,True,,0.0,True,,1.0,True,,0.0,True,,0.0,True,,1.0,True,,1.0,True,,0.9965496549654965,True,,0.0034503450345034505,True,
12,HF200-3,2,T,200,200,10329,29671,0,5680,4594,0,4547,24979,0,0,0,0,10274,29526,0,4692,29671,145,20268,9403,0.258225,True,,0.5528518590617092,True,,0.1539998645261803,True,,6.323742540494458,True,,0.4471481409382908,True,,0.0,True,,0.8460001354738197,True,,0.0,True,,0.0,True,,0.030903665814151746,True,,0.725,True,,0.6830912338647164,True,,0.3169087661352836,True,
12,HF200-3,3,W,200,200,18941,21059,0,9486,9359,0,9355,11600,0,0,0,0,18845,20955,0,9459,21059,104,2436,18623,0.473525,True,,0.503369594056779,True,,0.4464328322596039,True,,2.2263452796278678,True,,0.496630405943221,True,,0.0,True,,0.553567167740396,True,,0.0,True,,0.0,True,,0.010994819748387778,True,,0.52,True,,0.11567500830998623,True,,0.8843249916900138,True,
12,HF200-3,4,TW,200,200,19394,20606,0,15270,4018,0,3958,16554,0,0,0,0,19288,20512,0,4052,20606,94,1050,19556,0.48485,True,,0.7916839485690584,True,,0.19296021840873634,True,,5.085389930898322,True,,0.2083160514309415,True,,0.0,True,,0.8070397815912637,True,,0.0,True,,0.0,True,,0.02319842053307009,True,,0.47,True,,0.05095603222362419,True,,0.9490439677763758,True,
13,HF300-1,0,FIRST,200,200,8,39992,0,0,8,0,0,39792,0,0,0,0,8,39792,0,200,39992,200,39986,6,0.0002,True,,0.0,True,,0.0,True,,199.96,True,,1.0,True,,0.0,True,,1.0,True,,0.0,True,,0.0,True,,1.0,True,,1.0,True,,0.9998499699939988,True,,0.00015003000600120024,True,
13,HF300-1,1,LAST,200,200,6,39994,0,0,6,0,0,39794,0,0,0,0,6,39794,0,200,39994,200,39964,30,0.00015,True,,0.0,True,,0.0,True,,199.97,True,,1.0,True,,0.0,True,,1.0,True,,0.0,True,,0.0,True,,1.0,True,,1.0,True,,0.9992498874831225,True,,0.0007501125168775316,True,
13,HF300-1,2,T,200,200,10034,29966,0,3539,6453,0,6421,23387,0,0,0,0,9992,29808,0,6579,29966,158,19817,10149,0.25085,True,,0.35418334667734186,True,,0.21541196994095546,True,,4.5547955616355065,True,,0.6458166533226581,True,,0.0,True,,0.7845880300590445,True,,0.0,True,,0.0,True,,0.02401580787353701,True,,0.79,True,,0.6613161583127545,True,,0.3386838416872455,True,
13,HF300-1,3,W,200,200,18337,21663,0,8711,9541,0,9518,12030,0,0,0,0,18252,21548,0,9633,21663,115,3230,18433,0.458425,True,,0.4772627657243042,True,,0.44171152775199557,True,,2.2488321395203985,True,,0.5227372342756959,True,,0.0,True,,0.5582884722480045,True,,0.0,True,,0.0,True,,0.01193812934703623,True,,0.575,True,,0.14910215574943453,True,,0.8508978442505655,True,
13,HF300-1,4,TW,200,200,19519,20481,0,10371,9045,0,9018,11366,0,0,0,0,19416,20384,0,9115,20481,97,950,19531,0.487975,True,,0.5341470951792336,True,,0.44240580847723704,True,,2.2469555677454744,True,,0.46585290482076636,True,,0.0,True,,0.5575941915227629,True,,0.0,True,,0.0,True,,0.010641799232035107,True,,0.485,True,,0.04638445388408769,True,,0.9536155461159123,True,
14,HF300-2,0,FIRST,200,200,11,39989,0,0,11,0,1,39788,0,0,0,0,11,39789,0,201,39989,200,39989,0,0.000275,True,,0.0,True,,2.513257432958858e-05,True,,198.9502487562189,True,,1.0,True,,0.0,True,,0.9999748674256704,True,,0.0,True,,0.0,True,,0.9950248756218906,True,,1.0,True,,1.0,True,,0.0,True,
14,HF300-2,1,LAST,200,200,1,39999,0,0,1,0,0,39799,0,0,0,0,1,39799,0,200,39999,200,39951,48,2.5e-05,True,,0.0,True,,0.0,True,,199.995,True,,1.0,True,,0.0,True,,1.0,True,,0.0,True,,0.0,True,,1.0,True,,1.0,True,,0.99879996999925,True,,0.0012000300007500187,True,
14,HF300-2,2,T,200,200,8461,31539,0,3526,4901,0,4860,26513,0,0,0,0,8427,31373,0,5026,31539,166,23205,8334,0.211525,True,,0.41841699299869467,True,,0.15491027316482325,True,,6.27516912057302,True,,0.5815830070013053,True,,0.0,True,,0.8450897268351767,True,,0.0,True,,0.0,True,,0.03302825308396339,True,,0.83,True,,0.7357557309997146,True,,0.26424426900028536,True,
14,HF300-2,3,W,200,200,18829,21171,0,9046,9698,0,9689,11367,0,0,0,0,18744,21056,0,9804,21171,115,2331,18840,0.470725,True,,0.4826077678190354,True,,0.46015387537993924,True,,2.159424724602203,True,,0.5173922321809645,True,,0.0,True,,0.5398461246200608,True,,0.0,True,,0.0,True,,0.011729906160750715,True,,0.575,True,,0.1101034433895423,True,,0.8898965566104577,True,
14,HF300-2,4,TW,200,200,19752,20248,0,12928,6713,0,6687,13472,0,0,0,0,19641,20159,0,6776,20248,89,1103,19145,0.4938,True,,0.6582149585051678,True,,0.3317128825834615,True,,2.988193624557261,True,,0.34178504149483224,True,,0.0,True,,0.6682871174165386,True,,0.0,True,,0.0,True,,0.013134592680047226,True,,0.445,True,,0.0544745160015804,True,,0.9455254839984196,True,
15,HF300-3,0,FIRST,200,200,7,39993,0,0,7,0,1,39792,0,0,0,0,7,39793,0,201,39993,200,39993,0,0.000175,True,,0.0,True,,2.5130047998391677e-05,True,,198.97014925373134,True,,1.0,True,,0.0,True,,0.9999748699520016,True,,0.0,True,,0.0,True,,0.9950248756218906,True,,1.0,True,,1.0,True,,0.0,True,
15,HF300-3,1,LAST,200,200,2,39998,0,0,2,0,0,39798,0,0,0,0,2,39798,0,200,39998,200,39907,91,5e-05,True,,0.0,True,,0.0,True,,199.99,True,,1.0,True,,0.0,True,,1.0,True,,0.0,True,,0.0,True,,1.0,True,,1.0,True,,0.9977248862443122,True,,0.0022751137556877845,True,
15,HF300-3,2,T,200,200,8020,31980,0,3732,4257,0,4194,27617,0,0,0,0,7989,31811,0,4363,31980,169,25337,6643,0.2005,True,,0.4671423206909501,True,,0.13184118701078243,True,,7.329818931927573,True,,0.5328576793090499,True,,0.0,True,,0.8681588129892176,True,,0.0,True,,0.0,True,,0.0387348154939262,True,,0.845,True,,0.7922764227642276,True,,0.20772357723577237,True,
15,HF300-3,3,W,200,200,18846,21154,0,9219,9538,0,9523,11520,0,0,0,0,18757,21043,0,9634,21154,111,2519,18635,0.47115,True,,0.4914965079703577,True,,0.45254954141519743,True,,2.1957649989620096,True,,0.5085034920296423,True,,0.0,True,,0.5474504585848026,True,,0.0,True,,0.0,True,,0.011521694000415196,True,,0.555,True,,0.11907913396993476,True,,0.8809208660300653,True,
15,HF300-3,4,TW,200,200,19710,20290,0,15573,4039,0,3968,16220,0,0,0,0,19612,20188,0,4070,20290,102,1266,19024,0.49275,True,,0.7940546604119927,True,,0.19655240737071528,True,,4.985257985257985,True,,0.20594533958800734,True,,0.0,True,,0.8034475926292847,True,,0.0,True,,0.0,True,,0.02506142506142506,True,,0.51,True,,0.06239526860522425,True,,0.9376047313947757,True,
16,HF500-1,0,FIRST,200,200,2,39998,0,0,2,0,0,39798,0,0,0,0,2,39798,0,200,39998,200,39998,0,5e-05,True,,0.0,True,,0.0,True,,199.99,True,,1.0,True,,0.0,True,,1.0,True,,0.0,True,,0.0,True,,1.0,True,,1.0,True,,1.0,True,,0.0,True,
16,HF500-1,1,LAST,200,200,2,39998,0,0,2,0,0,39798,0,0,0,0,2,39798,0,200,39998,200,39990,8,5e-05,True,,0.0,True,,0.0,True,,199.99,True,,1.0,True,,0.0,True,,1.0,True,,0.0,True,,0.0,True,,1.0,True,,1.0,True,,0.9997999899994999,True,,0.000200010000500025,True,
16,HF500-1,2,T,200,200,7073,32927,0,1965,5076,0,5054,27705,0,0,0,0,7041,32759,0,5222,32927,168,25909,7018,0.176825,True,,0.27907967618236046,True,,0.1542782136206844,True,,6.305438529299119,True,,0.7209203238176395,True,,0.0,True,,0.8457217863793156,True,,0.0,True,,0.0,True,,0.032171581769437,True,,0.84,True,,0.7868618459015397,True,,0.21313815409846024,True,
16,HF500-1,3,W,200,200,18620,21380,0,8900,9630,0,9629,11641,0,0,0,0,18530,21270,0,9739,21380,110,2891,18489,0.4655,True,,0.4803022126281705,True,,0.4527033380347908,True,,2.1952972584454256,True,,0.5196977873718295,True,,0.0,True,,0.5472966619652092,True,,0.0,True,,0.0,True,,0.011294794126707055,True,,0.55,True,,0.1352198316183349,True,,0.8647801683816652,True,
16,HF500-1,4,TW,200,200,19363,20637,0,10277,8990,0,8976,11557,0,0,0,0,19267,20533,0,9080,20637,104,1283,19354,0.484075,True,,0.5333990761405512,True,,0.43714995373301513,True,,2.272797356828194,True,,0.4666009238594488,True,,0.0,True,,0.5628500462669849,True,,0.0,True,,0.0,True,,0.01145374449339207,True,,0.52,True,,0.06216988903425886,True,,0.9378301109657411,True,
17,HF500-2,0,FIRST,200,200,4,39996,0,0,4,0,0,39796,0,0,0,0,4,39796,0,200,39996,200,39996,0,0.0001,True,,0.0,True,,0.0,True,,199.98,True,,1.0,True,,0.0,True,,1.0,True,,0.0,True,,0.0,True,,1.0,True,,1.0,True,,1.0,True,,0.0,True,
17,HF500-2,1,LAST,200,200,0,40000,0,0,0,0,0,39800,0,0,0,0,0,39800,0,200,40000,200,39969,31,0.0,True,,,False,C_DENOM_ZERO,0.0,True,,200.0,True,,,False,C_DENOM_ZERO,,False,C_DENOM_ZERO,1.0,True,,0.0,True,,0.0,True,,1.0,True,,1.0,True,,0.999225,True,,0.000775,True,
17,HF500-2,2,T,200,200,5783,34217,0,1870,3892,0,3853,30185,0,0,0,0,5762,34038,0,4032,34217,179,28592,5625,0.144575,True,,0.3245400902464422,True,,0.11319701510076972,True,,8.486359126984127,True,,0.6754599097535577,True,,0.0,True,,0.8868029848992303,True,,0.0,True,,0.0,True,,0.04439484126984127,True,,0.895,True,,0.8356080310956542,True,,0.1643919689043458,True,
17,HF500-2,3,W,200,200,18644,21356,0,8920,9624,0,9620,11636,0,0,0,0,18544,21256,0,9720,21356,100,3002,18354,0.4661,True,,0.4810181190681622,True,,0.45257809559653744,True,,2.197119341563786,True,,0.5189818809318378,True,,0.0,True,,0.5474219044034625,True,,0.0,True,,0.0,True,,0.0102880658436214,True,,0.5,True,,0.14056939501779359,True,,0.8594306049822064,True,
17,HF500-2,4,TW,200,200,19482,20518,0,12681,6702,0,6661,13756,0,0,0,0,19383,20417,0,6762,20518,101,1385,19133,0.48705,True,,0.6542330908528091,True,,0.32624773473086155,True,,3.0343093759242827,True,,0.3457669091471908,True,,0.0,True,,0.6737522652691385,True,,0.0,True,,0.0,True,,0.014936409346347235,True,,0.505,True,,0.06750170581928064,True,,0.9324982941807194,True,
18,HF500-3,0,FIRST,200,200,4,39996,0,0,4,0,0,39796,0,0,0,0,4,39796,0,200,39996,200,39996,0,0.0001,True,,0.0,True,,0.0,True,,199.98,True,,1.0,True,,0.0,True,,1.0,True,,0.0,True,,0.0,True,,1.0,True,,1.0,True,,1.0,True,,0.0,True,
18,HF500-3,1,LAST,200,200,2,39998,0,0,2,0,0,39798,0,0,0,0,2,39798,0,200,39998,200,39941,57,5e-05,True,,0.0,True,,0.0,True,,199.99,True,,1.0,True,,0.0,True,,1.0,True,,0.0,True,,0.0,True,,1.0,True,,1.0,True,,0.9985749287464373,True,,0.0014250712535626782,True,
18,HF500-3,2,T,200,200,5779,34221,0,2053,3704,0,3662,30381,0,0,0,0,5757,34043,0,3840,34221,178,29544,4677,0.144475,True,,0.35660934514504083,True,,0.10756983814587434,True,,8.91171875,True,,0.6433906548549592,True,,0.0,True,,0.8924301618541257,True,,0.0,True,,0.0,True,,0.04635416666666667,True,,0.89,True,,0.8633295344963619,True,,0.13667046550363812,True,
18,HF500-3,3,W,200,200,18674,21326,0,9066,9509,0,9512,11713,0,0,0,0,18575,21225,0,9613,21326,101,2761,18565,0.46685,True,,0.48807537012113056,True,,0.448150765606596,True,,2.2184541766358055,True,,0.5119246298788694,True,,0.0,True,,0.551849234393404,True,,0.0,True,,0.0,True,,0.010506605638198272,True,,0.505,True,,0.12946637906780456,True,,0.8705336209321954,True,
18,HF500-3,4,TW,200,200,18881,21119,0,14729,4063,0,3987,17021,0,0,0,0,18792,21008,0,4098,21119,111,1537,19582,0.472025,True,,0.7837909748829289,True,,0.1897848438690023,True,,5.153489507076623,True,,0.2162090251170711,True,,0.0,True,,0.8102151561309977,True,,0.0,True,,0.0,True,,0.027086383601756955,True,,0.555,True,,0.07277806714333065,True,,0.9272219328566693,True,
