ConditionOrdinal,ConditionCode,ContrastOrdinal,ContrastCode,ComparatorMethod,Metric,PointEstimateTW,PointEstimateComparator,DeltaPoint,DeltaPointDefined,DeltaPointUndefinedReason,BootstrapB,DefinedBootstrapCount,UndefinedBootstrapCount,DefinedFraction,CI95Defined,CI95UndefinedReason,CI95Lower,CI95Upper,CI95Width,MaxOneSidedHalfWidth,Stage8PrecisionContractApplicable,Stage8TargetHalfWidth,MeetsStage8PrecisionTarget,Scene,HPRF_Hz,HPRF_kHz,FDelay_s,FDelay_us,ComparatorMethodNameZH,MetricPreferredDirection,CIPositionRelativeToZero,SourceArtifact,SourceArtifactSHA256
10,HF200-1,0,TW-T,T,P_cor,0.49161,0.313585,0.178025,True,,2000,2000,0,1.0,True,,0.17399981250000005,0.18216581250000002,0.008165999999999979,0.004140812500000035,True,0.02,True,COMPOSITE,200000.0,200.0,1e-06,1.0,最优时序准则,HIGHER,POSITIVE,artifacts/stage10/bootstrap_paired_summary.csv,2e864379ff8985fce28cfc7fd9d71f29ca5ec593fd7340dfeaf586684d7e58fe
10,HF200-1,0,TW-T,T,P_C_given_C,0.5404993816498196,0.4116393980891975,0.12885998356062212,True,,2000,2000,0,1.0,True,,0.1255468126779365,0.13213459306177627,0.006587780383839781,0.003313170882685623,True,0.02,True,COMPOSITE,200000.0,200.0,1e-06,1.0,最优时序准则,HIGHER,POSITIVE,artifacts/stage10/bootstrap_paired_summary.csv,2e864379ff8985fce28cfc7fd9d71f29ca5ec593fd7340dfeaf586684d7e58fe
10,HF200-1,0,TW-T,T,P_C_given_E,0.4438013424411076,0.26798495959814156,0.17581638284296602,True,,2000,2000,0,1.0,True,,0.1709172779782764,0.1807722102891471,0.009854932310870701,0.004955827446181088,True,0.02,True,COMPOSITE,200000.0,200.0,1e-06,1.0,最优时序准则,HIGHER,POSITIVE,artifacts/stage10/bootstrap_paired_summary.csv,2e864379ff8985fce28cfc7fd9d71f29ca5ec593fd7340dfeaf586684d7e58fe
10,HF200-1,0,TW-T,T,Mean_L_NC,2.2389377607980006,3.679029880745009,-1.4400921199470083,True,,2000,2000,0,1.0,True,,-1.5052635058444255,-1.3793381616741218,0.12592534417030365,0.06517138589741722,True,0.25,True,COMPOSITE,200000.0,200.0,1e-06,1.0,最优时序准则,LOWER,NEGATIVE,artifacts/stage10/bootstrap_paired_summary.csv,2e864379ff8985fce28cfc7fd9d71f29ca5ec593fd7340dfeaf586684d7e58fe
10,HF200-1,1,TW-W,W,P_cor,0.49161,0.4698275,0.021782499999999982,True,,2000,2000,0,1.0,True,,0.019152374999999965,0.024525312500000018,0.005372937500000053,0.002742812500000035,False,,,COMPOSITE,200000.0,200.0,1e-06,1.0,脉宽单特征准则,HIGHER,POSITIVE,artifacts/stage10/bootstrap_paired_summary.csv,2e864379ff8985fce28cfc7fd9d71f29ca5ec593fd7340dfeaf586684d7e58fe
10,HF200-1,1,TW-W,W,P_C_given_C,0.5404993816498196,0.48643793208539854,0.05406144956442105,True,,2000,2000,0,1.0,True,,0.05145740528271096,0.0566861789636373,0.005228773680926342,0.0026247293992162496,False,,,COMPOSITE,200000.0,200.0,1e-06,1.0,脉宽单特征准则,HIGHER,POSITIVE,artifacts/stage10/bootstrap_paired_summary.csv,2e864379ff8985fce28cfc7fd9d71f29ca5ec593fd7340dfeaf586684d7e58fe
10,HF200-1,1,TW-W,W,P_C_given_E,0.4438013424411076,0.45508624408094006,-0.011284901639832479,True,,2000,2000,0,1.0,True,,-0.01568001315222679,-0.006502314824050452,0.009177698328176338,0.004782586815782026,False,,,COMPOSITE,200000.0,200.0,1e-06,1.0,脉宽单特征准则,HIGHER,NEGATIVE,artifacts/stage10/bootstrap_paired_summary.csv,2e864379ff8985fce28cfc7fd9d71f29ca5ec593fd7340dfeaf586684d7e58fe
10,HF200-1,1,TW-W,W,Mean_L_NC,2.2389377607980006,2.183846850928863,0.05509090986913767,True,,2000,2000,0,1.0,True,,0.03216719614024063,0.07579132542090528,0.04362412928066465,0.022923713728897045,False,,,COMPOSITE,200000.0,200.0,1e-06,1.0,脉宽单特征准则,LOWER,POSITIVE,artifacts/stage10/bootstrap_paired_summary.csv,2e864379ff8985fce28cfc7fd9d71f29ca5ec593fd7340dfeaf586684d7e58fe
11,HF200-2,0,TW-T,T,P_cor,0.49285,0.281275,0.211575,True,,2000,2000,0,1.0,True,,0.20689718750000002,0.21647837499999997,0.009581187499999949,0.00490337499999996,True,0.02,True,COMPOSITE,200000.0,200.0,2e-06,2.0,最优时序准则,HIGHER,POSITIVE,artifacts/stage10/bootstrap_paired_summary.csv,2e864379ff8985fce28cfc7fd9d71f29ca5ec593fd7340dfeaf586684d7e58fe
11,HF200-2,0,TW-T,T,P_C_given_C,0.6633648223580573,0.49500017856505124,0.16836464379300603,True,,2000,2000,0,1.0,True,,0.16477130938899556,0.17164995114884143,0.0068786417598458716,0.0035933344040104676,True,0.02,True,COMPOSITE,200000.0,200.0,2e-06,2.0,最优时序准则,HIGHER,POSITIVE,artifacts/stage10/bootstrap_paired_summary.csv,2e864379ff8985fce28cfc7fd9d71f29ca5ec593fd7340dfeaf586684d7e58fe
11,HF200-2,0,TW-T,T,P_C_given_E,0.32498377483935853,0.1960761688974671,0.12890760594189143,True,,2000,2000,0,1.0,True,,0.12444226906896222,0.13323598652358457,0.008793717454622346,0.004465336872929215,True,0.02,True,COMPOSITE,200000.0,200.0,2e-06,2.0,最优时序准则,HIGHER,POSITIVE,artifacts/stage10/bootstrap_paired_summary.csv,2e864379ff8985fce28cfc7fd9d71f29ca5ec593fd7340dfeaf586684d7e58fe
11,HF200-2,0,TW-T,T,Mean_L_NC,3.0454886653655606,4.99366000243178,-1.9481713370662197,True,,2000,2000,0,1.0,True,,-2.0485703639282287,-1.8465365158994986,0.20203384802873003,0.10163482116672107,True,0.25,True,COMPOSITE,200000.0,200.0,2e-06,2.0,最优时序准则,LOWER,NEGATIVE,artifacts/stage10/bootstrap_paired_summary.csv,2e864379ff8985fce28cfc7fd9d71f29ca5ec593fd7340dfeaf586684d7e58fe
11,HF200-2,1,TW-W,W,P_cor,0.49285,0.4721025,0.02074750000000003,True,,2000,2000,0,1.0,True,,0.01735437500000001,0.024253750000000004,0.006899374999999996,0.0035062499999999747,False,,,COMPOSITE,200000.0,200.0,2e-06,2.0,脉宽单特征准则,HIGHER,POSITIVE,artifacts/stage10/bootstrap_paired_summary.csv,2e864379ff8985fce28cfc7fd9d71f29ca5ec593fd7340dfeaf586684d7e58fe
11,HF200-2,1,TW-W,W,P_C_given_C,0.6633648223580573,0.48575139186067556,0.1776134304973817,True,,2000,2000,0,1.0,True,,0.17476958950898633,0.18021936357853752,0.005449774069551189,0.0028438409883953797,False,,,COMPOSITE,200000.0,200.0,2e-06,2.0,脉宽单特征准则,HIGHER,POSITIVE,artifacts/stage10/bootstrap_paired_summary.csv,2e864379ff8985fce28cfc7fd9d71f29ca5ec593fd7340dfeaf586684d7e58fe
11,HF200-2,1,TW-W,W,P_C_given_E,0.32498377483935853,0.4598661729852181,-0.13488239814585956,True,,2000,2000,0,1.0,True,,-0.1400993939286432,-0.12961501381037735,0.010484380118265857,0.005267384335482211,False,,,COMPOSITE,200000.0,200.0,2e-06,2.0,脉宽单特征准则,HIGHER,NEGATIVE,artifacts/stage10/bootstrap_paired_summary.csv,2e864379ff8985fce28cfc7fd9d71f29ca5ec593fd7340dfeaf586684d7e58fe
11,HF200-2,1,TW-W,W,Mean_L_NC,3.0454886653655606,2.1620744381303436,0.883414227235217,True,,2000,2000,0,1.0,True,,0.8534546980381283,0.9119772404496445,0.05852254241151611,0.029959529197088663,False,,,COMPOSITE,200000.0,200.0,2e-06,2.0,脉宽单特征准则,LOWER,POSITIVE,artifacts/stage10/bootstrap_paired_summary.csv,2e864379ff8985fce28cfc7fd9d71f29ca5ec593fd7340dfeaf586684d7e58fe
12,HF200-3,0,TW-T,T,P_cor,0.4899275,0.25395,0.2359775,True,,2000,2000,0,1.0,True,,0.23023706249999998,0.24166625,0.011429187500000021,0.0057404375000000285,True,0.02,True,COMPOSITE,200000.0,200.0,3e-06,3.0,最优时序准则,HIGHER,POSITIVE,artifacts/stage10/bootstrap_paired_summary.csv,2e864379ff8985fce28cfc7fd9d71f29ca5ec593fd7340dfeaf586684d7e58fe
12,HF200-3,0,TW-T,T,P_C_given_C,0.7963579300406669,0.5570678246075629,0.23929010543310403,True,,2000,2000,0,1.0,True,,0.23582981064964365,0.24270944659006255,0.0068796359404189045,0.0034602947834603826,True,0.02,True,COMPOSITE,200000.0,200.0,3e-06,3.0,最优时序准则,HIGHER,POSITIVE,artifacts/stage10/bootstrap_paired_summary.csv,2e864379ff8985fce28cfc7fd9d71f29ca5ec593fd7340dfeaf586684d7e58fe
12,HF200-3,0,TW-T,T,P_C_given_E,0.19226998881778906,0.14878696939383834,0.04348301942395072,True,,2000,2000,0,1.0,True,,0.03963293688329983,0.047506216047513886,0.007873279164214056,0.004023196623563166,True,0.02,True,COMPOSITE,200000.0,200.0,3e-06,3.0,最优时序准则,HIGHER,POSITIVE,artifacts/stage10/bootstrap_paired_summary.csv,2e864379ff8985fce28cfc7fd9d71f29ca5ec593fd7340dfeaf586684d7e58fe
12,HF200-3,0,TW-T,T,Mean_L_NC,5.09321251154547,6.530835558278986,-1.437623046733516,True,,2000,2000,0,1.0,True,,-1.599995469997644,-1.2885736269620773,0.31142184303556664,0.16237242326412793,True,0.25,True,COMPOSITE,200000.0,200.0,3e-06,3.0,最优时序准则,LOWER,NEGATIVE,artifacts/stage10/bootstrap_paired_summary.csv,2e864379ff8985fce28cfc7fd9d71f29ca5ec593fd7340dfeaf586684d7e58fe
12,HF200-3,1,TW-W,W,P_cor,0.4899275,0.47213,0.01779750000000002,True,,2000,2000,0,1.0,True,,0.013557375,0.022165499999999987,0.008608124999999987,0.004367999999999966,False,,,COMPOSITE,200000.0,200.0,3e-06,3.0,脉宽单特征准则,HIGHER,POSITIVE,artifacts/stage10/bootstrap_paired_summary.csv,2e864379ff8985fce28cfc7fd9d71f29ca5ec593fd7340dfeaf586684d7e58fe
12,HF200-3,1,TW-W,W,P_C_given_C,0.7963579300406669,0.4947610406611359,0.301596889379531,True,,2000,2000,0,1.0,True,,0.2987575003472417,0.3042903058491147,0.005532805501873017,0.002839389032289308,False,,,COMPOSITE,200000.0,200.0,3e-06,3.0,脉宽单特征准则,HIGHER,POSITIVE,artifacts/stage10/bootstrap_paired_summary.csv,2e864379ff8985fce28cfc7fd9d71f29ca5ec593fd7340dfeaf586684d7e58fe
12,HF200-3,1,TW-W,W,P_C_given_E,0.19226998881778906,0.4517019625763396,-0.25943197375855054,True,,2000,2000,0,1.0,True,,-0.26403849669298013,-0.2550448157426723,0.008993680950307836,0.004606522934429591,False,,,COMPOSITE,200000.0,200.0,3e-06,3.0,脉宽单特征准则,HIGHER,NEGATIVE,artifacts/stage10/bootstrap_paired_summary.csv,2e864379ff8985fce28cfc7fd9d71f29ca5ec593fd7340dfeaf586684d7e58fe
12,HF200-3,1,TW-W,W,Mean_L_NC,5.09321251154547,2.2003522264253186,2.8928602851201517,True,,2000,2000,0,1.0,True,,2.8369879257807464,2.948572208845798,0.11158428306505153,0.055872359339405264,False,,,COMPOSITE,200000.0,200.0,3e-06,3.0,脉宽单特征准则,LOWER,POSITIVE,artifacts/stage10/bootstrap_paired_summary.csv,2e864379ff8985fce28cfc7fd9d71f29ca5ec593fd7340dfeaf586684d7e58fe
13,HF300-1,0,TW-T,T,P_cor,0.48932,0.2434625,0.24585749999999998,True,,2000,2000,0,1.0,True,,0.24162925000000002,0.25025762500000004,0.008628375000000021,0.00440012500000006,True,0.02,True,COMPOSITE,300000.0,300.0,1e-06,1.0,最优时序准则,HIGHER,POSITIVE,artifacts/stage10/bootstrap_paired_summary.csv,2e864379ff8985fce28cfc7fd9d71f29ca5ec593fd7340dfeaf586684d7e58fe
13,HF300-1,0,TW-T,T,P_C_given_C,0.5375879242183088,0.3588846939407068,0.178703230277602,True,,2000,2000,0,1.0,True,,0.17519761793504257,0.1824423517581409,0.007244733823098343,0.003739121480538926,True,0.02,True,COMPOSITE,300000.0,300.0,1e-06,1.0,最优时序准则,HIGHER,POSITIVE,artifacts/stage10/bootstrap_paired_summary.csv,2e864379ff8985fce28cfc7fd9d71f29ca5ec593fd7340dfeaf586684d7e58fe
13,HF300-1,0,TW-T,T,P_C_given_E,0.4425527727205629,0.2055849703379415,0.2369678023826214,True,,2000,2000,0,1.0,True,,0.23251464317184337,0.24175440637653725,0.009239763204693885,0.004786603993915839,True,0.02,True,COMPOSITE,300000.0,300.0,1e-06,1.0,最优时序准则,HIGHER,POSITIVE,artifacts/stage10/bootstrap_paired_summary.csv,2e864379ff8985fce28cfc7fd9d71f29ca5ec593fd7340dfeaf586684d7e58fe
13,HF300-1,0,TW-T,T,Mean_L_NC,2.2451913565320614,4.7693459416863675,-2.524154585154306,True,,2000,2000,0,1.0,True,,-2.6255730008143625,-2.431272811952478,0.1943001888618845,0.10141841566005638,True,0.25,True,COMPOSITE,300000.0,300.0,1e-06,1.0,最优时序准则,LOWER,NEGATIVE,artifacts/stage10/bootstrap_paired_summary.csv,2e864379ff8985fce28cfc7fd9d71f29ca5ec593fd7340dfeaf586684d7e58fe
13,HF300-1,1,TW-W,W,P_cor,0.48932,0.463125,0.02619499999999997,True,,2000,2000,0,1.0,True,,0.023099812499999955,0.029315187499999982,0.0062153750000000264,0.0031201875000000136,False,,,COMPOSITE,300000.0,300.0,1e-06,1.0,脉宽单特征准则,HIGHER,POSITIVE,artifacts/stage10/bootstrap_paired_summary.csv,2e864379ff8985fce28cfc7fd9d71f29ca5ec593fd7340dfeaf586684d7e58fe
13,HF300-1,1,TW-W,W,P_C_given_C,0.5375879242183088,0.4822438018770683,0.05534412234124053,True,,2000,2000,0,1.0,True,,0.05267403391855636,0.05782544391147676,0.005151409992920401,0.0026700884226841734,False,,,COMPOSITE,300000.0,300.0,1e-06,1.0,脉宽单特征准则,HIGHER,POSITIVE,artifacts/stage10/bootstrap_paired_summary.csv,2e864379ff8985fce28cfc7fd9d71f29ca5ec593fd7340dfeaf586684d7e58fe
13,HF300-1,1,TW-W,W,P_C_given_E,0.4425527727205629,0.4464314129264754,-0.003878640205912498,True,,2000,2000,0,1.0,True,,-0.009160414698095904,0.001662449474956289,0.010822864173052194,0.0055410896808687875,False,,,COMPOSITE,300000.0,300.0,1e-06,1.0,脉宽单特征准则,HIGHER,INCLUDES_ZERO,artifacts/stage10/bootstrap_paired_summary.csv,2e864379ff8985fce28cfc7fd9d71f29ca5ec593fd7340dfeaf586684d7e58fe
13,HF300-1,1,TW-W,W,Mean_L_NC,2.2451913565320614,2.226103722439333,0.0190876340927284,True,,2000,2000,0,1.0,True,,-0.00851575681522877,0.045253315662507856,0.05376907247773663,0.02760339090795717,False,,,COMPOSITE,300000.0,300.0,1e-06,1.0,脉宽单特征准则,LOWER,INCLUDES_ZERO,artifacts/stage10/bootstrap_paired_summary.csv,2e864379ff8985fce28cfc7fd9d71f29ca5ec593fd7340dfeaf586684d7e58fe
14,HF300-2,0,TW-T,T,P_cor,0.4884275,0.2154775,0.27295,True,,2000,2000,0,1.0,True,,0.26859737499999997,0.27747275,0.008875375000000019,0.004522749999999964,True,0.02,True,COMPOSITE,300000.0,300.0,2e-06,2.0,最优时序准则,HIGHER,POSITIVE,artifacts/stage10/bootstrap_paired_summary.csv,2e864379ff8985fce28cfc7fd9d71f29ca5ec593fd7340dfeaf586684d7e58fe
14,HF300-2,0,TW-T,T,P_C_given_C,0.6574719502847413,0.4203216033558611,0.23715034692888015,True,,2000,2000,0,1.0,True,,0.23329021602800298,0.24110646178400427,0.007816245756001289,0.003956114855124121,True,0.02,True,COMPOSITE,300000.0,300.0,2e-06,2.0,最优时序准则,HIGHER,POSITIVE,artifacts/stage10/bootstrap_paired_summary.csv,2e864379ff8985fce28cfc7fd9d71f29ca5ec593fd7340dfeaf586684d7e58fe
14,HF300-2,0,TW-T,T,P_C_given_E,0.3251216769066808,0.15793132167339355,0.16719035523328726,True,,2000,2000,0,1.0,True,,0.16308544450328874,0.17126653075530576,0.008181086252017022,0.004104910729998523,True,0.02,True,COMPOSITE,300000.0,300.0,2e-06,2.0,最优时序准则,HIGHER,POSITIVE,artifacts/stage10/bootstrap_paired_summary.csv,2e864379ff8985fce28cfc7fd9d71f29ca5ec593fd7340dfeaf586684d7e58fe
14,HF300-2,0,TW-T,T,Mean_L_NC,3.0443948523395075,6.161332757402026,-3.1169379050625188,True,,2000,2000,0,1.0,True,,-3.2542777609218794,-2.987934880388103,0.2663428805337764,0.1373398558593606,True,0.25,True,COMPOSITE,300000.0,300.0,2e-06,2.0,最优时序准则,LOWER,NEGATIVE,artifacts/stage10/bootstrap_paired_summary.csv,2e864379ff8985fce28cfc7fd9d71f29ca5ec593fd7340dfeaf586684d7e58fe
14,HF300-2,1,TW-W,W,P_cor,0.4884275,0.46728,0.02114750000000004,True,,2000,2000,0,1.0,True,,0.017706874999999987,0.024370125000000003,0.006663250000000016,0.0034406250000000548,False,,,COMPOSITE,300000.0,300.0,2e-06,2.0,脉宽单特征准则,HIGHER,POSITIVE,artifacts/stage10/bootstrap_paired_summary.csv,2e864379ff8985fce28cfc7fd9d71f29ca5ec593fd7340dfeaf586684d7e58fe
14,HF300-2,1,TW-W,W,P_C_given_C,0.6574719502847413,0.48168859590164376,0.1757833543830975,True,,2000,2000,0,1.0,True,,0.17311567493450236,0.17851709698246054,0.005401422047958182,0.0027337425993630426,False,,,COMPOSITE,300000.0,300.0,2e-06,2.0,脉宽单特征准则,HIGHER,POSITIVE,artifacts/stage10/bootstrap_paired_summary.csv,2e864379ff8985fce28cfc7fd9d71f29ca5ec593fd7340dfeaf586684d7e58fe
14,HF300-2,1,TW-W,W,P_C_given_E,0.3251216769066808,0.4544837116727902,-0.1293620347661094,True,,2000,2000,0,1.0,True,,-0.13416834696556176,-0.1241193168764541,0.010049030089107666,0.005242717889655316,False,,,COMPOSITE,300000.0,300.0,2e-06,2.0,脉宽单特征准则,HIGHER,NEGATIVE,artifacts/stage10/bootstrap_paired_summary.csv,2e864379ff8985fce28cfc7fd9d71f29ca5ec593fd7340dfeaf586684d7e58fe
14,HF300-2,1,TW-W,W,Mean_L_NC,3.0443948523395075,2.1871779607086403,0.8572168916308671,True,,2000,2000,0,1.0,True,,0.8269557204078223,0.886579223332739,0.059623502924916694,0.030261171223044836,False,,,COMPOSITE,300000.0,300.0,2e-06,2.0,脉宽单特征准则,LOWER,POSITIVE,artifacts/stage10/bootstrap_paired_summary.csv,2e864379ff8985fce28cfc7fd9d71f29ca5ec593fd7340dfeaf586684d7e58fe
15,HF300-3,0,TW-T,T,P_cor,0.4931525,0.192575,0.3005775,True,,2000,2000,0,1.0,True,,0.29505243750000004,0.30609793750000003,0.011045499999999986,0.005525062499999955,True,0.02,True,COMPOSITE,300000.0,300.0,3e-06,3.0,最优时序准则,HIGHER,POSITIVE,artifacts/stage10/bootstrap_paired_summary.csv,2e864379ff8985fce28cfc7fd9d71f29ca5ec593fd7340dfeaf586684d7e58fe
15,HF300-3,0,TW-T,T,P_C_given_C,0.7945229897936317,0.46674748422754053,0.32777550556609114,True,,2000,2000,0,1.0,True,,0.3235936321112808,0.3320197735206375,0.008426141409356713,0.004244267954546355,True,0.02,True,COMPOSITE,300000.0,300.0,3e-06,3.0,最优时序准则,HIGHER,POSITIVE,artifacts/stage10/bootstrap_paired_summary.csv,2e864379ff8985fce28cfc7fd9d71f29ca5ec593fd7340dfeaf586684d7e58fe
15,HF300-3,0,TW-T,T,P_C_given_E,0.19640767262412473,0.12551512057867806,0.07089255204544667,True,,2000,2000,0,1.0,True,,0.06700218454043888,0.07484050594090984,0.007838321400470957,0.003947953895463166,True,0.02,True,COMPOSITE,300000.0,300.0,3e-06,3.0,最优时序准则,HIGHER,POSITIVE,artifacts/stage10/bootstrap_paired_summary.csv,2e864379ff8985fce28cfc7fd9d71f29ca5ec593fd7340dfeaf586684d7e58fe
15,HF300-3,0,TW-T,T,Mean_L_NC,4.982159093701619,7.687565457488336,-2.705406363786717,True,,2000,2000,0,1.0,True,,-2.9070593160688025,-2.5075032204750647,0.39955609559373784,0.20165295228208535,True,0.25,True,COMPOSITE,300000.0,300.0,3e-06,3.0,最优时序准则,LOWER,NEGATIVE,artifacts/stage10/bootstrap_paired_summary.csv,2e864379ff8985fce28cfc7fd9d71f29ca5ec593fd7340dfeaf586684d7e58fe
15,HF300-3,1,TW-W,W,P_cor,0.4931525,0.46358,0.0295725,True,,2000,2000,0,1.0,True,,0.025081937500000005,0.03410006250000002,0.009018125000000016,0.004527562500000019,False,,,COMPOSITE,300000.0,300.0,3e-06,3.0,脉宽单特征准则,HIGHER,POSITIVE,artifacts/stage10/bootstrap_paired_summary.csv,2e864379ff8985fce28cfc7fd9d71f29ca5ec593fd7340dfeaf586684d7e58fe
15,HF300-3,1,TW-W,W,P_C_given_C,0.7945229897936317,0.49154893704649033,0.30297405274714134,True,,2000,2000,0,1.0,True,,0.30022822383064884,0.3057716196818233,0.005543395851174471,0.002797566934681972,False,,,COMPOSITE,300000.0,300.0,3e-06,3.0,脉宽单特征准则,HIGHER,POSITIVE,artifacts/stage10/bootstrap_paired_summary.csv,2e864379ff8985fce28cfc7fd9d71f29ca5ec593fd7340dfeaf586684d7e58fe
15,HF300-3,1,TW-W,W,P_C_given_E,0.19640767262412473,0.43918732169375124,-0.2427796490696265,True,,2000,2000,0,1.0,True,,-0.24797088689509109,-0.2372143399484513,0.010756546946639772,0.005565309121175199,False,,,COMPOSITE,300000.0,300.0,3e-06,3.0,脉宽单特征准则,HIGHER,NEGATIVE,artifacts/stage10/bootstrap_paired_summary.csv,2e864379ff8985fce28cfc7fd9d71f29ca5ec593fd7340dfeaf586684d7e58fe
15,HF300-3,1,TW-W,W,Mean_L_NC,4.982159093701619,2.2621108452025767,2.7200482484990425,True,,2000,2000,0,1.0,True,,2.6629209086159054,2.7783778801665338,0.1154569715506284,0.05832963166749128,False,,,COMPOSITE,300000.0,300.0,3e-06,3.0,脉宽单特征准则,LOWER,POSITIVE,artifacts/stage10/bootstrap_paired_summary.csv,2e864379ff8985fce28cfc7fd9d71f29ca5ec593fd7340dfeaf586684d7e58fe
16,HF500-1,0,TW-T,T,P_cor,0.486185,0.1801825,0.30600249999999996,True,,2000,2000,0,1.0,True,,0.30232475,0.309723,0.007398250000000051,0.003720500000000071,True,0.02,True,COMPOSITE,500000.0,500.0,1e-06,1.0,最优时序准则,HIGHER,POSITIVE,artifacts/stage10/bootstrap_paired_summary.csv,2e864379ff8985fce28cfc7fd9d71f29ca5ec593fd7340dfeaf586684d7e58fe
16,HF500-1,0,TW-T,T,P_C_given_C,0.5339059253976621,0.28784354148964325,0.24606238390801888,True,,2000,2000,0,1.0,True,,0.2422802608796146,0.25007515692993315,0.0077948960503185505,0.004012773021914273,True,0.02,True,COMPOSITE,500000.0,500.0,1e-06,1.0,最优时序准则,HIGHER,POSITIVE,artifacts/stage10/bootstrap_paired_summary.csv,2e864379ff8985fce28cfc7fd9d71f29ca5ec593fd7340dfeaf586684d7e58fe
16,HF500-1,0,TW-T,T,P_C_given_E,0.44040411943626706,0.1558929649827872,0.28451115445347985,True,,2000,2000,0,1.0,True,,0.28047030659801797,0.2886636191696389,0.008193312571620925,0.004152464716159043,True,0.02,True,COMPOSITE,500000.0,500.0,1e-06,1.0,最优时序准则,HIGHER,POSITIVE,artifacts/stage10/bootstrap_paired_summary.csv,2e864379ff8985fce28cfc7fd9d71f29ca5ec593fd7340dfeaf586684d7e58fe
16,HF500-1,0,TW-T,T,Mean_L_NC,2.256246432178457,6.237911356286856,-3.9816649241083986,True,,2000,2000,0,1.0,True,,-4.119360320602916,-3.851294800235463,0.2680655203674531,0.13769539649451756,True,0.25,True,COMPOSITE,500000.0,500.0,1e-06,1.0,最优时序准则,LOWER,NEGATIVE,artifacts/stage10/bootstrap_paired_summary.csv,2e864379ff8985fce28cfc7fd9d71f29ca5ec593fd7340dfeaf586684d7e58fe
16,HF500-1,1,TW-W,W,P_cor,0.486185,0.45606,0.030124999999999957,True,,2000,2000,0,1.0,True,,0.026814874999999978,0.033543250000000024,0.006728375000000047,0.003418250000000067,False,,,COMPOSITE,500000.0,500.0,1e-06,1.0,脉宽单特征准则,HIGHER,POSITIVE,artifacts/stage10/bootstrap_paired_summary.csv,2e864379ff8985fce28cfc7fd9d71f29ca5ec593fd7340dfeaf586684d7e58fe
16,HF500-1,1,TW-W,W,P_C_given_C,0.5339059253976621,0.47855663515984753,0.0553492902378146,True,,2000,2000,0,1.0,True,,0.05275624116277965,0.05808438718516661,0.005328146022386959,0.0027350969473520156,False,,,COMPOSITE,500000.0,500.0,1e-06,1.0,脉宽单特征准则,HIGHER,POSITIVE,artifacts/stage10/bootstrap_paired_summary.csv,2e864379ff8985fce28cfc7fd9d71f29ca5ec593fd7340dfeaf586684d7e58fe
16,HF500-1,1,TW-W,W,P_C_given_E,0.44040411943626706,0.43695137952063273,0.0034527399156343286,True,,2000,2000,0,1.0,True,,-0.002006923896077775,0.00925167105253592,0.011258594948613695,0.005798931136901591,False,,,COMPOSITE,500000.0,500.0,1e-06,1.0,脉宽单特征准则,HIGHER,INCLUDES_ZERO,artifacts/stage10/bootstrap_paired_summary.csv,2e864379ff8985fce28cfc7fd9d71f29ca5ec593fd7340dfeaf586684d7e58fe
16,HF500-1,1,TW-W,W,Mean_L_NC,2.256246432178457,2.273450153077751,-0.017203720899293895,True,,2000,2000,0,1.0,True,,-0.04724323732906584,0.010718885263892338,0.057962122592958173,0.030039516429771942,False,,,COMPOSITE,500000.0,500.0,1e-06,1.0,脉宽单特征准则,LOWER,INCLUDES_ZERO,artifacts/stage10/bootstrap_paired_summary.csv,2e864379ff8985fce28cfc7fd9d71f29ca5ec593fd7340dfeaf586684d7e58fe
17,HF500-2,0,TW-T,T,P_cor,0.48349,0.1539025,0.3295875,True,,2000,2000,0,1.0,True,,0.32556362499999997,0.33367649999999993,0.008112874999999964,0.004088999999999954,True,0.02,True,COMPOSITE,500000.0,500.0,2e-06,2.0,最优时序准则,HIGHER,POSITIVE,artifacts/stage10/bootstrap_paired_summary.csv,2e864379ff8985fce28cfc7fd9d71f29ca5ec593fd7340dfeaf586684d7e58fe
17,HF500-2,0,TW-T,T,P_C_given_C,0.6522591175614422,0.3231020141890239,0.32915710337241827,True,,2000,2000,0,1.0,True,,0.3249705806366684,0.33339569627479926,0.008425115638130865,0.004238592902380989,True,0.02,True,COMPOSITE,500000.0,500.0,2e-06,2.0,最优时序准则,HIGHER,POSITIVE,artifacts/stage10/bootstrap_paired_summary.csv,2e864379ff8985fce28cfc7fd9d71f29ca5ec593fd7340dfeaf586684d7e58fe
17,HF500-2,0,TW-T,T,P_C_given_E,0.32375111854647315,0.122164634599106,0.20158648394736717,True,,2000,2000,0,1.0,True,,0.19782768410776008,0.20548599834951753,0.007658314241757447,0.0038995144021503614,True,0.02,True,COMPOSITE,500000.0,500.0,2e-06,2.0,最优时序准则,HIGHER,POSITIVE,artifacts/stage10/bootstrap_paired_summary.csv,2e864379ff8985fce28cfc7fd9d71f29ca5ec593fd7340dfeaf586684d7e58fe
17,HF500-2,0,TW-T,T,Mean_L_NC,3.058489141537505,7.891780342777195,-4.83329120123969,True,,2000,2000,0,1.0,True,,-5.024974186486566,-4.652890240236821,0.37208394624974517,0.19168298524687621,True,0.25,True,COMPOSITE,500000.0,500.0,2e-06,2.0,最优时序准则,LOWER,NEGATIVE,artifacts/stage10/bootstrap_paired_summary.csv,2e864379ff8985fce28cfc7fd9d71f29ca5ec593fd7340dfeaf586684d7e58fe
17,HF500-2,1,TW-W,W,P_cor,0.48349,0.461835,0.02165499999999998,True,,2000,2000,0,1.0,True,,0.01838725,0.02498499999999998,0.006597749999999979,0.0033299999999999996,False,,,COMPOSITE,500000.0,500.0,2e-06,2.0,脉宽单特征准则,HIGHER,POSITIVE,artifacts/stage10/bootstrap_paired_summary.csv,2e864379ff8985fce28cfc7fd9d71f29ca5ec593fd7340dfeaf586684d7e58fe
17,HF500-2,1,TW-W,W,P_C_given_C,0.6522591175614422,0.4781075713469543,0.17415154621448786,True,,2000,2000,0,1.0,True,,0.17136242993314688,0.1768186304586416,0.0054562005254947255,0.0027891162813409864,False,,,COMPOSITE,500000.0,500.0,2e-06,2.0,脉宽单特征准则,HIGHER,POSITIVE,artifacts/stage10/bootstrap_paired_summary.csv,2e864379ff8985fce28cfc7fd9d71f29ca5ec593fd7340dfeaf586684d7e58fe
17,HF500-2,1,TW-W,W,P_C_given_E,0.32375111854647315,0.44786779637280305,-0.1241166778263299,True,,2000,2000,0,1.0,True,,-0.1291921724886225,-0.11891421136151031,0.010277961127112184,0.005202466464819588,False,,,COMPOSITE,500000.0,500.0,2e-06,2.0,脉宽单特征准则,HIGHER,NEGATIVE,artifacts/stage10/bootstrap_paired_summary.csv,2e864379ff8985fce28cfc7fd9d71f29ca5ec593fd7340dfeaf586684d7e58fe
17,HF500-2,1,TW-W,W,Mean_L_NC,3.058489141537505,2.219443041106907,0.8390461004305982,True,,2000,2000,0,1.0,True,,0.8094292754411454,0.8679715164074957,0.0585422409663503,0.02961682498945284,False,,,COMPOSITE,500000.0,500.0,2e-06,2.0,脉宽单特征准则,LOWER,POSITIVE,artifacts/stage10/bootstrap_paired_summary.csv,2e864379ff8985fce28cfc7fd9d71f29ca5ec593fd7340dfeaf586684d7e58fe
18,HF500-3,0,TW-T,T,P_cor,0.48646,0.1435625,0.34289749999999997,True,,2000,2000,0,1.0,True,,0.33801175000000006,0.34779756250000005,0.00978581249999999,0.00490006250000008,True,0.02,True,COMPOSITE,500000.0,500.0,3e-06,3.0,最优时序准则,HIGHER,POSITIVE,artifacts/stage10/bootstrap_paired_summary.csv,2e864379ff8985fce28cfc7fd9d71f29ca5ec593fd7340dfeaf586684d7e58fe
18,HF500-3,0,TW-T,T,P_C_given_C,0.7852811437898369,0.3533555932381169,0.43192555055172005,True,,2000,2000,0,1.0,True,,0.4275083024172243,0.4364261813675385,0.008917878950314206,0.004500630815818474,True,0.02,True,COMPOSITE,500000.0,500.0,3e-06,3.0,最优时序准则,HIGHER,POSITIVE,artifacts/stage10/bootstrap_paired_summary.csv,2e864379ff8985fce28cfc7fd9d71f29ca5ec593fd7340dfeaf586684d7e58fe
18,HF500-3,0,TW-T,T,P_C_given_E,0.20022211567627862,0.10726913675883297,0.09295297891744565,True,,2000,2000,0,1.0,True,,0.08916279719900085,0.09665353252802586,0.007490735329025014,0.0037901817184448072,True,0.02,True,COMPOSITE,500000.0,500.0,3e-06,3.0,最优时序准则,HIGHER,POSITIVE,artifacts/stage10/bootstrap_paired_summary.csv,2e864379ff8985fce28cfc7fd9d71f29ca5ec593fd7340dfeaf586684d7e58fe
18,HF500-3,0,TW-T,T,Mean_L_NC,4.897503755096202,8.936350593452458,-4.038846838356256,True,,2000,2000,0,1.0,True,,-4.289380570909609,-3.793733923273146,0.49564664763646293,0.250533732553353,True,0.25,False,COMPOSITE,500000.0,500.0,3e-06,3.0,最优时序准则,LOWER,NEGATIVE,artifacts/stage10/bootstrap_paired_summary.csv,2e864379ff8985fce28cfc7fd9d71f29ca5ec593fd7340dfeaf586684d7e58fe
18,HF500-3,1,TW-W,W,P_cor,0.48646,0.4611775,0.025282499999999986,True,,2000,2000,0,1.0,True,,0.021052312500000028,0.029545312499999987,0.008492999999999959,0.004262812500000001,False,,,COMPOSITE,500000.0,500.0,3e-06,3.0,脉宽单特征准则,HIGHER,POSITIVE,artifacts/stage10/bootstrap_paired_summary.csv,2e864379ff8985fce28cfc7fd9d71f29ca5ec593fd7340dfeaf586684d7e58fe
18,HF500-3,1,TW-W,W,P_C_given_C,0.7852811437898369,0.48878984847906987,0.29649129531076707,True,,2000,2000,0,1.0,True,,0.2935796421223939,0.29933081296289,0.005751170840496089,0.0029116531883731644,False,,,COMPOSITE,500000.0,500.0,3e-06,3.0,脉宽单特征准则,HIGHER,POSITIVE,artifacts/stage10/bootstrap_paired_summary.csv,2e864379ff8985fce28cfc7fd9d71f29ca5ec593fd7340dfeaf586684d7e58fe
18,HF500-3,1,TW-W,W,P_C_given_E,0.20022211567627862,0.4372310116990968,-0.23700889602281816,True,,2000,2000,0,1.0,True,,-0.24217233762660992,-0.23200389978221087,0.010168437844399053,0.005163441603791757,False,,,COMPOSITE,500000.0,500.0,3e-06,3.0,脉宽单特征准则,HIGHER,NEGATIVE,artifacts/stage10/bootstrap_paired_summary.csv,2e864379ff8985fce28cfc7fd9d71f29ca5ec593fd7340dfeaf586684d7e58fe
18,HF500-3,1,TW-W,W,Mean_L_NC,4.897503755096202,2.272625662979639,2.624878092116563,True,,2000,2000,0,1.0,True,,2.569304534868348,2.682272040886116,0.11296750601776795,0.05739394876955295,False,,,COMPOSITE,500000.0,500.0,3e-06,3.0,脉宽单特征准则,LOWER,POSITIVE,artifacts/stage10/bootstrap_paired_summary.csv,2e864379ff8985fce28cfc7fd9d71f29ca5ec593fd7340dfeaf586684d7e58fe
