ConditionOrdinal,ConditionCode,MethodOrdinal,MethodCode,Metric,FormalSumA,FormalSumB,FormalPositiveDenominatorRepeatCount,PointEstimate,PointDefined,PointUndefinedReason,BootstrapB,DefinedBootstrapCount,UndefinedBootstrapCount,DefinedFraction,CI95Defined,CI95UndefinedReason,CI95Lower,CI95Upper,CI95Width,MaxOneSidedHalfWidth,Stage8PrecisionContractApplicable,Stage8TargetHalfWidth,MeetsStage8PrecisionTarget,Scene,HPRF_Hz,HPRF_kHz,FDelay_s,FDelay_us,MethodNameZH,MetricPreferredDirection,SourceArtifact,SourceArtifactSHA256
1,H100,0,FIRST,P_cor,36363,400000,2000,0.0909075,True,,2000,2000,0,1.0,True,,0.0885699375,0.0933251875,0.0047552500000000025,0.0024176875000000014,False,,,HPRF,100000.0,100.0,,,首脉冲准则,HIGHER,artifacts/stage10/bootstrap_individual_summary.csv,ad9bca843ff063d1a9cc26d134f8fc43b3cdeb9460f850e9e5afbda6c0d5f0b1
1,H100,0,FIRST,P_C_given_C,17445,36319,1979,0.4803271015171123,True,,2000,2000,0,1.0,True,,0.47579479176328787,0.4848708314205112,0.009076039657223312,0.004543729903398908,False,,,HPRF,100000.0,100.0,,,首脉冲准则,HIGHER,artifacts/stage10/bootstrap_individual_summary.csv,ad9bca843ff063d1a9cc26d134f8fc43b3cdeb9460f850e9e5afbda6c0d5f0b1
1,H100,0,FIRST,P_C_given_E,17943,361681,2000,0.04961001545560867,True,,2000,2000,0,1.0,True,,0.0482454053202298,0.051104064514745993,0.0028586591945161943,0.0014940490591373243,False,,,HPRF,100000.0,100.0,,,首脉冲准则,HIGHER,artifacts/stage10/bootstrap_individual_summary.csv,ad9bca843ff063d1a9cc26d134f8fc43b3cdeb9460f850e9e5afbda6c0d5f0b1
1,H100,0,FIRST,Mean_L_NC,363637,19899,2000,18.27413437861199,True,,2000,2000,0,1.0,True,,17.786086529520883,18.737817252305696,0.9517307227848129,0.48804784909110666,False,,,HPRF,100000.0,100.0,,,首脉冲准则,LOWER,artifacts/stage10/bootstrap_individual_summary.csv,ad9bca843ff063d1a9cc26d134f8fc43b3cdeb9460f850e9e5afbda6c0d5f0b1
1,H100,1,LAST,P_cor,25047,400000,2000,0.0626175,True,,2000,2000,0,1.0,True,,0.0608299375,0.0644676875,0.003637749999999995,0.001850187499999989,False,,,HPRF,100000.0,100.0,,,末脉冲准则,HIGHER,artifacts/stage10/bootstrap_individual_summary.csv,ad9bca843ff063d1a9cc26d134f8fc43b3cdeb9460f850e9e5afbda6c0d5f0b1
1,H100,1,LAST,P_C_given_C,12661,24989,1922,0.5066629316899436,True,,2000,2000,0,1.0,True,,0.500609220487977,0.5126407341520438,0.01203151366406685,0.006053711201966627,False,,,HPRF,100000.0,100.0,,,末脉冲准则,HIGHER,artifacts/stage10/bootstrap_individual_summary.csv,ad9bca843ff063d1a9cc26d134f8fc43b3cdeb9460f850e9e5afbda6c0d5f0b1
1,H100,1,LAST,P_C_given_E,11361,373011,2000,0.030457546828377716,True,,2000,2000,0,1.0,True,,0.029455084388758098,0.03141110947108241,0.0019560250823243107,0.0010024624396196176,False,,,HPRF,100000.0,100.0,,,末脉冲准则,HIGHER,artifacts/stage10/bootstrap_individual_summary.csv,ad9bca843ff063d1a9cc26d134f8fc43b3cdeb9460f850e9e5afbda6c0d5f0b1
1,H100,1,LAST,Mean_L_NC,374953,13303,2000,28.185597233706684,True,,2000,2000,0,1.0,True,,27.43722040922312,29.01034905123622,1.5731286420130992,0.8247518175295347,False,,,HPRF,100000.0,100.0,,,末脉冲准则,LOWER,artifacts/stage10/bootstrap_individual_summary.csv,ad9bca843ff063d1a9cc26d134f8fc43b3cdeb9460f850e9e5afbda6c0d5f0b1
1,H100,2,T,P_cor,266613,400000,2000,0.6665325,True,,2000,2000,0,1.0,True,,0.6596363125,0.6733779375,0.01374162499999998,0.006896187499999984,True,0.02,True,HPRF,100000.0,100.0,,,最优时序准则,HIGHER,artifacts/stage10/bootstrap_individual_summary.csv,ad9bca843ff063d1a9cc26d134f8fc43b3cdeb9460f850e9e5afbda6c0d5f0b1
1,H100,2,T,P_C_given_C,207842,265325,1999,0.7833487232639216,True,,2000,2000,0,1.0,True,,0.7818561998021665,0.7849403832276262,0.0030841834254596856,0.0015916599637045836,True,0.02,True,HPRF,100000.0,100.0,,,最优时序准则,HIGHER,artifacts/stage10/bootstrap_individual_summary.csv,ad9bca843ff063d1a9cc26d134f8fc43b3cdeb9460f850e9e5afbda6c0d5f0b1
1,H100,2,T,P_C_given_E,57209,132675,2000,0.43119653288110044,True,,2000,2000,0,1.0,True,,0.4183489416622504,0.44445233400534906,0.026103392343098664,0.013255801124248623,True,0.02,True,HPRF,100000.0,100.0,,,最优时序准则,HIGHER,artifacts/stage10/bootstrap_individual_summary.csv,ad9bca843ff063d1a9cc26d134f8fc43b3cdeb9460f850e9e5afbda6c0d5f0b1
1,H100,2,T,Mean_L_NC,133387,57921,2000,2.302912587835155,True,,2000,2000,0,1.0,True,,2.2356352761991767,2.3727742833815504,0.1371390071823737,0.06986169554639554,True,0.25,True,HPRF,100000.0,100.0,,,最优时序准则,LOWER,artifacts/stage10/bootstrap_individual_summary.csv,ad9bca843ff063d1a9cc26d134f8fc43b3cdeb9460f850e9e5afbda6c0d5f0b1
1,H100,3,W,P_cor,371301,400000,2000,0.9282525,True,,2000,2000,0,1.0,True,,0.9235996249999999,0.9330978125,0.009498187500000088,0.004845312499999976,False,,,HPRF,100000.0,100.0,,,脉宽单特征准则,HIGHER,artifacts/stage10/bootstrap_individual_summary.csv,ad9bca843ff063d1a9cc26d134f8fc43b3cdeb9460f850e9e5afbda6c0d5f0b1
1,H100,3,W,P_C_given_C,357879,369488,2000,0.9685808470099164,True,,2000,2000,0,1.0,True,,0.9680016121959562,0.9691457224623532,0.001144110266397047,0.0005792348139602721,False,,,HPRF,100000.0,100.0,,,脉宽单特征准则,HIGHER,artifacts/stage10/bootstrap_individual_summary.csv,ad9bca843ff063d1a9cc26d134f8fc43b3cdeb9460f850e9e5afbda6c0d5f0b1
1,H100,3,W,P_C_given_E,11485,28512,1998,0.4028128507295174,True,,2000,2000,0,1.0,True,,0.3763832659430838,0.43471553875014335,0.05833227280705955,0.03190268802062596,False,,,HPRF,100000.0,100.0,,,脉宽单特征准则,HIGHER,artifacts/stage10/bootstrap_individual_summary.csv,ad9bca843ff063d1a9cc26d134f8fc43b3cdeb9460f850e9e5afbda6c0d5f0b1
1,H100,3,W,Mean_L_NC,28699,11672,1998,2.4587902673063744,True,,2000,2000,0,1.0,True,,2.2815584890873932,2.6277409754250796,0.34618248633768633,0.17723177821898117,False,,,HPRF,100000.0,100.0,,,脉宽单特征准则,LOWER,artifacts/stage10/bootstrap_individual_summary.csv,ad9bca843ff063d1a9cc26d134f8fc43b3cdeb9460f850e9e5afbda6c0d5f0b1
1,H100,4,TW,P_cor,393089,400000,2000,0.9827225,True,,2000,2000,0,1.0,True,,0.981244875,0.9837775,0.002532624999999955,0.001477625000000038,True,0.02,True,HPRF,100000.0,100.0,,,双特征联合准则,HIGHER,artifacts/stage10/bootstrap_individual_summary.csv,ad9bca843ff063d1a9cc26d134f8fc43b3cdeb9460f850e9e5afbda6c0d5f0b1
1,H100,4,TW,P_C_given_C,384941,391127,2000,0.9841841652455596,True,,2000,2000,0,1.0,True,,0.9837684085465893,0.9845667370204904,0.0007983284739010443,0.0004157566989703154,True,0.02,True,HPRF,100000.0,100.0,,,双特征联合准则,HIGHER,artifacts/stage10/bootstrap_individual_summary.csv,ad9bca843ff063d1a9cc26d134f8fc43b3cdeb9460f850e9e5afbda6c0d5f0b1
1,H100,4,TW,P_C_given_E,6174,6873,1920,0.8982976865997381,True,,2000,2000,0,1.0,True,,0.8283353502369243,0.9523888095136133,0.12405345927668898,0.06996233636281379,True,0.02,False,HPRF,100000.0,100.0,,,双特征联合准则,HIGHER,artifacts/stage10/bootstrap_individual_summary.csv,ad9bca843ff063d1a9cc26d134f8fc43b3cdeb9460f850e9e5afbda6c0d5f0b1
1,H100,4,TW,Mean_L_NC,6911,6212,1922,1.1125241468126208,True,,2000,2000,0,1.0,True,,1.0497168012390041,1.2057832519811593,0.1560664507421552,0.09325910516853853,True,0.25,True,HPRF,100000.0,100.0,,,双特征联合准则,LOWER,artifacts/stage10/bootstrap_individual_summary.csv,ad9bca843ff063d1a9cc26d134f8fc43b3cdeb9460f850e9e5afbda6c0d5f0b1
2,H200,0,FIRST,P_cor,415,400000,2000,0.0010375,True,,2000,2000,0,1.0,True,,0.0009449375,0.0011375,0.00019256250000000003,0.00010000000000000005,False,,,HPRF,200000.0,200.0,,,首脉冲准则,HIGHER,artifacts/stage10/bootstrap_individual_summary.csv,ad9bca843ff063d1a9cc26d134f8fc43b3cdeb9460f850e9e5afbda6c0d5f0b1
2,H200,0,FIRST,P_C_given_C,39,415,375,0.09397590361445783,True,,2000,2000,0,1.0,True,,0.06852524712797221,0.11922682439016048,0.05070157726218827,0.025450656486485618,False,,,HPRF,200000.0,200.0,,,首脉冲准则,HIGHER,artifacts/stage10/bootstrap_individual_summary.csv,ad9bca843ff063d1a9cc26d134f8fc43b3cdeb9460f850e9e5afbda6c0d5f0b1
2,H200,0,FIRST,P_C_given_E,73,397585,2000,0.00018360853653935635,True,,2000,2000,0,1.0,True,,0.00014335349085496524,0.00022637811924712653,8.302462839216129e-05,4.2769582707770175e-05,False,,,HPRF,200000.0,200.0,,,首脉冲准则,HIGHER,artifacts/stage10/bootstrap_individual_summary.csv,ad9bca843ff063d1a9cc26d134f8fc43b3cdeb9460f850e9e5afbda6c0d5f0b1
2,H200,0,FIRST,Mean_L_NC,399585,2073,2000,192.75687409551375,True,,2000,2000,0,1.0,True,,191.1793899521531,194.27248420029167,3.093094248138584,1.577484143360664,False,,,HPRF,200000.0,200.0,,,首脉冲准则,LOWER,artifacts/stage10/bootstrap_individual_summary.csv,ad9bca843ff063d1a9cc26d134f8fc43b3cdeb9460f850e9e5afbda6c0d5f0b1
2,H200,1,LAST,P_cor,383,400000,2000,0.0009575,True,,2000,2000,0,1.0,True,,0.000865,0.0010525,0.00018750000000000006,9.500000000000003e-05,False,,,HPRF,200000.0,200.0,,,末脉冲准则,HIGHER,artifacts/stage10/bootstrap_individual_summary.csv,ad9bca843ff063d1a9cc26d134f8fc43b3cdeb9460f850e9e5afbda6c0d5f0b1
2,H200,1,LAST,P_C_given_C,26,383,356,0.06788511749347259,True,,2000,2000,0,1.0,True,,0.04449682318935427,0.09367088607594937,0.049174062886595094,0.025785768582476776,False,,,HPRF,200000.0,200.0,,,末脉冲准则,HIGHER,artifacts/stage10/bootstrap_individual_summary.csv,ad9bca843ff063d1a9cc26d134f8fc43b3cdeb9460f850e9e5afbda6c0d5f0b1
2,H200,1,LAST,P_C_given_E,64,397617,2000,0.00016095891272254457,True,,2000,2000,0,1.0,True,,0.0001232251414500489,0.00020128848757718665,7.806334612713774e-05,4.032957485464208e-05,False,,,HPRF,200000.0,200.0,,,末脉冲准则,HIGHER,artifacts/stage10/bootstrap_individual_summary.csv,ad9bca843ff063d1a9cc26d134f8fc43b3cdeb9460f850e9e5afbda6c0d5f0b1
2,H200,1,LAST,Mean_L_NC,399617,2064,2000,193.6128875968992,True,,2000,2000,0,1.0,True,,192.09562454949545,195.0444729136164,2.9488483641209484,1.517263047403759,False,,,HPRF,200000.0,200.0,,,末脉冲准则,LOWER,artifacts/stage10/bootstrap_individual_summary.csv,ad9bca843ff063d1a9cc26d134f8fc43b3cdeb9460f850e9e5afbda6c0d5f0b1
2,H200,2,T,P_cor,141701,400000,2000,0.3542525,True,,2000,2000,0,1.0,True,,0.3467735625,0.36113,0.014356437499999986,0.007478937500000005,True,0.02,True,HPRF,200000.0,200.0,,,最优时序准则,HIGHER,artifacts/stage10/bootstrap_individual_summary.csv,ad9bca843ff063d1a9cc26d134f8fc43b3cdeb9460f850e9e5afbda6c0d5f0b1
2,H200,2,T,P_C_given_C,85220,141126,1982,0.6038575457392684,True,,2000,2000,0,1.0,True,,0.6011565344959413,0.6063944757317993,0.005237941235857968,0.0027010112433271116,True,0.02,True,HPRF,200000.0,200.0,,,最优时序准则,HIGHER,artifacts/stage10/bootstrap_individual_summary.csv,ad9bca843ff063d1a9cc26d134f8fc43b3cdeb9460f850e9e5afbda6c0d5f0b1
2,H200,2,T,P_C_given_E,55358,256874,2000,0.21550643506154768,True,,2000,2000,0,1.0,True,,0.2084886681562094,0.22192263323357223,0.01343396507736283,0.007017766905338285,True,0.02,True,HPRF,200000.0,200.0,,,最优时序准则,HIGHER,artifacts/stage10/bootstrap_individual_summary.csv,ad9bca843ff063d1a9cc26d134f8fc43b3cdeb9460f850e9e5afbda6c0d5f0b1
2,H200,2,T,Mean_L_NC,258299,56783,2000,4.548879065917617,True,,2000,2000,0,1.0,True,,4.420202965587543,4.697936004684121,0.277733039096578,0.1490569387665044,True,0.25,True,HPRF,200000.0,200.0,,,最优时序准则,LOWER,artifacts/stage10/bootstrap_individual_summary.csv,ad9bca843ff063d1a9cc26d134f8fc43b3cdeb9460f850e9e5afbda6c0d5f0b1
2,H200,3,W,P_cor,360393,400000,2000,0.9009825,True,,2000,2000,0,1.0,True,,0.894699125,0.9072975624999999,0.012598437499999893,0.006315062499999913,False,,,HPRF,200000.0,200.0,,,脉宽单特征准则,HIGHER,artifacts/stage10/bootstrap_individual_summary.csv,ad9bca843ff063d1a9cc26d134f8fc43b3cdeb9460f850e9e5afbda6c0d5f0b1
2,H200,3,W,P_C_given_C,343765,358641,2000,0.9585211952899975,True,,2000,2000,0,1.0,True,,0.9578801566729384,0.9591553421081558,0.0012751854352174297,0.0006410386170591087,False,,,HPRF,200000.0,200.0,,,脉宽单特征准则,HIGHER,artifacts/stage10/bootstrap_individual_summary.csv,ad9bca843ff063d1a9cc26d134f8fc43b3cdeb9460f850e9e5afbda6c0d5f0b1
2,H200,3,W,P_C_given_E,14724,39359,2000,0.37409487029650146,True,,2000,2000,0,1.0,True,,0.3497074026394829,0.40217622635625455,0.05246882371677164,0.028081356059753093,False,,,HPRF,200000.0,200.0,,,脉宽单特征准则,HIGHER,artifacts/stage10/bootstrap_individual_summary.csv,ad9bca843ff063d1a9cc26d134f8fc43b3cdeb9460f850e9e5afbda6c0d5f0b1
2,H200,3,W,Mean_L_NC,39607,14972,2000,2.6454047555436815,True,,2000,2000,0,1.0,True,,2.4647503565044637,2.8280326594557583,0.3632823029512946,0.18262790391207684,False,,,HPRF,200000.0,200.0,,,脉宽单特征准则,LOWER,artifacts/stage10/bootstrap_individual_summary.csv,ad9bca843ff063d1a9cc26d134f8fc43b3cdeb9460f850e9e5afbda6c0d5f0b1
2,H200,4,TW,P_cor,388093,400000,2000,0.9702325,True,,2000,2000,0,1.0,True,,0.96856975,0.971535,0.0029652500000000304,0.0016627500000000461,True,0.02,True,HPRF,200000.0,200.0,,,双特征联合准则,HIGHER,artifacts/stage10/bootstrap_individual_summary.csv,ad9bca843ff063d1a9cc26d134f8fc43b3cdeb9460f850e9e5afbda6c0d5f0b1
2,H200,4,TW,P_C_given_C,375241,386149,2000,0.9717518367262378,True,,2000,2000,0,1.0,True,,0.9712611221278332,0.9722642088189012,0.001003086691067967,0.0005123720926634157,True,0.02,True,HPRF,200000.0,200.0,,,双特征联合准则,HIGHER,artifacts/stage10/bootstrap_individual_summary.csv,ad9bca843ff063d1a9cc26d134f8fc43b3cdeb9460f850e9e5afbda6c0d5f0b1
2,H200,4,TW,P_C_given_E,10921,11851,1995,0.9215256096531939,True,,2000,2000,0,1.0,True,,0.8723542801097623,0.9626368887473239,0.09028260863756155,0.04917132954343151,True,0.02,False,HPRF,200000.0,200.0,,,双特征联合准则,HIGHER,artifacts/stage10/bootstrap_individual_summary.csv,ad9bca843ff063d1a9cc26d134f8fc43b3cdeb9460f850e9e5afbda6c0d5f0b1
2,H200,4,TW,Mean_L_NC,11907,10977,1995,1.0847226018037714,True,,2000,2000,0,1.0,True,,1.0385982504705675,1.145477209567753,0.10687895909718548,0.06075460776398156,True,0.25,True,HPRF,200000.0,200.0,,,双特征联合准则,LOWER,artifacts/stage10/bootstrap_individual_summary.csv,ad9bca843ff063d1a9cc26d134f8fc43b3cdeb9460f850e9e5afbda6c0d5f0b1
3,H300,0,FIRST,P_cor,85,400000,2000,0.0002125,True,,2000,2000,0,1.0,True,,0.00017,0.0002550624999999997,8.506249999999969e-05,4.256249999999971e-05,False,,,HPRF,300000.0,300.0,,,首脉冲准则,HIGHER,artifacts/stage10/bootstrap_individual_summary.csv,ad9bca843ff063d1a9cc26d134f8fc43b3cdeb9460f850e9e5afbda6c0d5f0b1
3,H300,0,FIRST,P_C_given_C,1,85,84,0.011764705882352941,True,,2000,2000,0,1.0,True,,0.0,0.03797769740807714,0.03797769740807714,0.0262129915257242,False,,,HPRF,300000.0,300.0,,,首脉冲准则,HIGHER,artifacts/stage10/bootstrap_individual_summary.csv,ad9bca843ff063d1a9cc26d134f8fc43b3cdeb9460f850e9e5afbda6c0d5f0b1
3,H300,0,FIRST,P_C_given_E,5,397915,2000,1.2565497656534687e-05,True,,2000,2000,0,1.0,True,,2.5130551645140877e-06,2.5131060048849855e-05,2.2618004884335767e-05,1.2565562392315168e-05,False,,,HPRF,300000.0,300.0,,,首脉冲准则,HIGHER,artifacts/stage10/bootstrap_individual_summary.csv,ad9bca843ff063d1a9cc26d134f8fc43b3cdeb9460f850e9e5afbda6c0d5f0b1
3,H300,0,FIRST,Mean_L_NC,399915,2005,2000,199.45885286783042,True,,2000,2000,0,1.0,True,,198.96217661691543,199.8610819590205,0.8989053421050812,0.49667625091498735,False,,,HPRF,300000.0,300.0,,,首脉冲准则,LOWER,artifacts/stage10/bootstrap_individual_summary.csv,ad9bca843ff063d1a9cc26d134f8fc43b3cdeb9460f850e9e5afbda6c0d5f0b1
3,H300,1,LAST,P_cor,100,400000,2000,0.00025,True,,2000,2000,0,1.0,True,,0.000205,0.0003,9.499999999999998e-05,4.999999999999997e-05,False,,,HPRF,300000.0,300.0,,,末脉冲准则,HIGHER,artifacts/stage10/bootstrap_individual_summary.csv,ad9bca843ff063d1a9cc26d134f8fc43b3cdeb9460f850e9e5afbda6c0d5f0b1
3,H300,1,LAST,P_C_given_C,0,100,100,0.0,True,,2000,2000,0,1.0,True,,0.0,0.0,0.0,0.0,False,,,HPRF,300000.0,300.0,,,末脉冲准则,HIGHER,artifacts/stage10/bootstrap_individual_summary.csv,ad9bca843ff063d1a9cc26d134f8fc43b3cdeb9460f850e9e5afbda6c0d5f0b1
3,H300,1,LAST,P_C_given_E,2,397900,2000,5.026388539834129e-06,True,,2000,2000,0,1.0,True,,0.0,1.256628716479429e-05,1.256628716479429e-05,7.539898624960161e-06,False,,,HPRF,300000.0,300.0,,,末脉冲准则,HIGHER,artifacts/stage10/bootstrap_individual_summary.csv,ad9bca843ff063d1a9cc26d134f8fc43b3cdeb9460f850e9e5afbda6c0d5f0b1
3,H300,1,LAST,Mean_L_NC,399900,2002,2000,199.75024975024974,True,,2000,2000,0,1.0,True,,199.44638403990024,199.9545,0.508115960099758,0.3038657103494984,False,,,HPRF,300000.0,300.0,,,末脉冲准则,LOWER,artifacts/stage10/bootstrap_individual_summary.csv,ad9bca843ff063d1a9cc26d134f8fc43b3cdeb9460f850e9e5afbda6c0d5f0b1
3,H300,2,T,P_cor,98105,400000,2000,0.2452625,True,,2000,2000,0,1.0,True,,0.23977874999999998,0.251323,0.011544250000000034,0.006060500000000024,True,0.02,True,HPRF,300000.0,300.0,,,最优时序准则,HIGHER,artifacts/stage10/bootstrap_individual_summary.csv,ad9bca843ff063d1a9cc26d134f8fc43b3cdeb9460f850e9e5afbda6c0d5f0b1
3,H300,2,T,P_C_given_C,47862,97747,1978,0.4896518563229562,True,,2000,2000,0,1.0,True,,0.48625598109984197,0.49290580407060447,0.006649822970762498,0.003395875223114242,True,0.02,True,HPRF,300000.0,300.0,,,最优时序准则,HIGHER,artifacts/stage10/bootstrap_individual_summary.csv,ad9bca843ff063d1a9cc26d134f8fc43b3cdeb9460f850e9e5afbda6c0d5f0b1
3,H300,2,T,P_C_given_E,49303,300253,2000,0.16420485390653883,True,,2000,2000,0,1.0,True,,0.1593026502917824,0.16931920546114967,0.01001655516936728,0.0051143515546108465,True,0.02,True,HPRF,300000.0,300.0,,,最优时序准则,HIGHER,artifacts/stage10/bootstrap_individual_summary.csv,ad9bca843ff063d1a9cc26d134f8fc43b3cdeb9460f850e9e5afbda6c0d5f0b1
3,H300,2,T,Mean_L_NC,301895,50945,2000,5.925900480910786,True,,2000,2000,0,1.0,True,,5.751204461107337,6.101973104424036,0.350768643316699,0.17607262351324948,True,0.25,True,HPRF,300000.0,300.0,,,最优时序准则,LOWER,artifacts/stage10/bootstrap_individual_summary.csv,ad9bca843ff063d1a9cc26d134f8fc43b3cdeb9460f850e9e5afbda6c0d5f0b1
3,H300,3,W,P_cor,354037,400000,2000,0.8850925,True,,2000,2000,0,1.0,True,,0.8784299375000001,0.8920105625,0.013580624999999902,0.006918062500000044,False,,,HPRF,300000.0,300.0,,,脉宽单特征准则,HIGHER,artifacts/stage10/bootstrap_individual_summary.csv,ad9bca843ff063d1a9cc26d134f8fc43b3cdeb9460f850e9e5afbda6c0d5f0b1
3,H300,3,W,P_C_given_C,335618,352312,2000,0.9526158632121529,True,,2000,2000,0,1.0,True,,0.9519268680546025,0.9533336534684879,0.001406785413885392,0.0007177902563350047,False,,,HPRF,300000.0,300.0,,,脉宽单特征准则,HIGHER,artifacts/stage10/bootstrap_individual_summary.csv,ad9bca843ff063d1a9cc26d134f8fc43b3cdeb9460f850e9e5afbda6c0d5f0b1
3,H300,3,W,P_C_given_E,16502,45688,1999,0.3611889336368412,True,,2000,2000,0,1.0,True,,0.33850820654923164,0.38747834767069944,0.0489701411214678,0.02628941403385826,False,,,HPRF,300000.0,300.0,,,脉宽单特征准则,HIGHER,artifacts/stage10/bootstrap_individual_summary.csv,ad9bca843ff063d1a9cc26d134f8fc43b3cdeb9460f850e9e5afbda6c0d5f0b1
3,H300,3,W,Mean_L_NC,45963,16777,1999,2.7396435596352147,True,,2000,2000,0,1.0,True,,2.556219261181915,2.9196299548455116,0.3634106936635968,0.18342429845329988,False,,,HPRF,300000.0,300.0,,,脉宽单特征准则,LOWER,artifacts/stage10/bootstrap_individual_summary.csv,ad9bca843ff063d1a9cc26d134f8fc43b3cdeb9460f850e9e5afbda6c0d5f0b1
3,H300,4,TW,P_cor,385987,400000,2000,0.9649675,True,,2000,2000,0,1.0,True,,0.9642848125,0.965645,0.0013601874999999986,0.000682687500000001,True,0.02,True,HPRF,300000.0,300.0,,,双特征联合准则,HIGHER,artifacts/stage10/bootstrap_individual_summary.csv,ad9bca843ff063d1a9cc26d134f8fc43b3cdeb9460f850e9e5afbda6c0d5f0b1
3,H300,4,TW,P_C_given_C,370620,384051,2000,0.9650280822078318,True,,2000,2000,0,1.0,True,,0.9644782374321473,0.9656029589460471,0.0011247215138997513,0.0005748767382153241,True,0.02,True,HPRF,300000.0,300.0,,,双特征联合准则,HIGHER,artifacts/stage10/bootstrap_individual_summary.csv,ad9bca843ff063d1a9cc26d134f8fc43b3cdeb9460f850e9e5afbda6c0d5f0b1
3,H300,4,TW,P_C_given_E,13422,13949,1998,0.9622195139436519,True,,2000,2000,0,1.0,True,,0.9485254631899915,0.9734356729493729,0.024910209759381408,0.01369405075366037,True,0.02,True,HPRF,300000.0,300.0,,,双特征联合准则,HIGHER,artifacts/stage10/bootstrap_individual_summary.csv,ad9bca843ff063d1a9cc26d134f8fc43b3cdeb9460f850e9e5afbda6c0d5f0b1
3,H300,4,TW,Mean_L_NC,14013,13486,1998,1.039077561916061,True,,2000,2000,0,1.0,True,,1.0271654617226071,1.0539586466700885,0.026793184947481397,0.014881084754027496,True,0.25,True,HPRF,300000.0,300.0,,,双特征联合准则,LOWER,artifacts/stage10/bootstrap_individual_summary.csv,ad9bca843ff063d1a9cc26d134f8fc43b3cdeb9460f850e9e5afbda6c0d5f0b1
4,H400,0,FIRST,P_cor,47,400000,2000,0.0001175,True,,2000,2000,0,1.0,True,,8.493750000000001e-05,0.00015,6.506249999999998e-05,3.2562499999999985e-05,False,,,HPRF,400000.0,400.0,,,首脉冲准则,HIGHER,artifacts/stage10/bootstrap_individual_summary.csv,ad9bca843ff063d1a9cc26d134f8fc43b3cdeb9460f850e9e5afbda6c0d5f0b1
4,H400,0,FIRST,P_C_given_C,0,47,47,0.0,True,,2000,2000,0,1.0,True,,0.0,0.0,0.0,0.0,False,,,HPRF,400000.0,400.0,,,首脉冲准则,HIGHER,artifacts/stage10/bootstrap_individual_summary.csv,ad9bca843ff063d1a9cc26d134f8fc43b3cdeb9460f850e9e5afbda6c0d5f0b1
4,H400,0,FIRST,P_C_given_E,1,397953,2000,2.5128595587921187e-06,True,,2000,2000,0,1.0,True,,0.0,7.53874964434494e-06,7.53874964434494e-06,5.025890085552821e-06,False,,,HPRF,400000.0,400.0,,,首脉冲准则,HIGHER,artifacts/stage10/bootstrap_individual_summary.csv,ad9bca843ff063d1a9cc26d134f8fc43b3cdeb9460f850e9e5afbda6c0d5f0b1
4,H400,0,FIRST,Mean_L_NC,399953,2001,2000,199.87656171914043,True,,2000,2000,0,1.0,True,,199.67247878182727,199.9825,0.31002121817272155,0.20408293731316007,False,,,HPRF,400000.0,400.0,,,首脉冲准则,LOWER,artifacts/stage10/bootstrap_individual_summary.csv,ad9bca843ff063d1a9cc26d134f8fc43b3cdeb9460f850e9e5afbda6c0d5f0b1
4,H400,1,LAST,P_cor,43,400000,2000,0.0001075,True,,2000,2000,0,1.0,True,,7.5e-05,0.00014,6.5e-05,3.2500000000000004e-05,False,,,HPRF,400000.0,400.0,,,末脉冲准则,HIGHER,artifacts/stage10/bootstrap_individual_summary.csv,ad9bca843ff063d1a9cc26d134f8fc43b3cdeb9460f850e9e5afbda6c0d5f0b1
4,H400,1,LAST,P_C_given_C,0,43,43,0.0,True,,2000,2000,0,1.0,True,,0.0,0.0,0.0,0.0,False,,,HPRF,400000.0,400.0,,,末脉冲准则,HIGHER,artifacts/stage10/bootstrap_individual_summary.csv,ad9bca843ff063d1a9cc26d134f8fc43b3cdeb9460f850e9e5afbda6c0d5f0b1
4,H400,1,LAST,P_C_given_E,1,397957,2000,2.512834301193345e-06,True,,2000,2000,0,1.0,True,,0.0,7.538673868111684e-06,7.538673868111684e-06,5.025839566918339e-06,False,,,HPRF,400000.0,400.0,,,末脉冲准则,HIGHER,artifacts/stage10/bootstrap_individual_summary.csv,ad9bca843ff063d1a9cc26d134f8fc43b3cdeb9460f850e9e5afbda6c0d5f0b1
4,H400,1,LAST,Mean_L_NC,399957,2001,2000,199.87856071964018,True,,2000,2000,0,1.0,True,,199.67447578632053,199.984,0.3095242136794809,0.20408493331964905,False,,,HPRF,400000.0,400.0,,,末脉冲准则,LOWER,artifacts/stage10/bootstrap_individual_summary.csv,ad9bca843ff063d1a9cc26d134f8fc43b3cdeb9460f850e9e5afbda6c0d5f0b1
4,H400,2,T,P_cor,82576,400000,2000,0.20644,True,,2000,2000,0,1.0,True,,0.2015624375,0.2115176875,0.009955249999999999,0.005077687499999983,True,0.02,True,HPRF,400000.0,400.0,,,最优时序准则,HIGHER,artifacts/stage10/bootstrap_individual_summary.csv,ad9bca843ff063d1a9cc26d134f8fc43b3cdeb9460f850e9e5afbda6c0d5f0b1
4,H400,2,T,P_C_given_C,34702,82293,1966,0.4216883574544615,True,,2000,2000,0,1.0,True,,0.4181396228924453,0.4251515020288339,0.007011879136388621,0.003548734562016209,True,0.02,True,HPRF,400000.0,400.0,,,最优时序准则,HIGHER,artifacts/stage10/bootstrap_individual_summary.csv,ad9bca843ff063d1a9cc26d134f8fc43b3cdeb9460f850e9e5afbda6c0d5f0b1
4,H400,2,T,P_C_given_E,47096,315707,2000,0.1491762932085763,True,,2000,2000,0,1.0,True,,0.14494632336147195,0.15366951880844598,0.00872319544697403,0.004493225599869671,True,0.02,True,HPRF,400000.0,400.0,,,最优时序准则,HIGHER,artifacts/stage10/bootstrap_individual_summary.csv,ad9bca843ff063d1a9cc26d134f8fc43b3cdeb9460f850e9e5afbda6c0d5f0b1
4,H400,2,T,Mean_L_NC,317424,48813,2000,6.502857845246144,True,,2000,2000,0,1.0,True,,6.318989659122663,6.684284711393629,0.3652950522709659,0.18386818612348055,True,0.25,True,HPRF,400000.0,400.0,,,最优时序准则,LOWER,artifacts/stage10/bootstrap_individual_summary.csv,ad9bca843ff063d1a9cc26d134f8fc43b3cdeb9460f850e9e5afbda6c0d5f0b1
4,H400,3,W,P_cor,349677,400000,2000,0.8741925,True,,2000,2000,0,1.0,True,,0.8663685624999999,0.8814953125,0.015126750000000078,0.0078239375000001,False,,,HPRF,400000.0,400.0,,,脉宽单特征准则,HIGHER,artifacts/stage10/bootstrap_individual_summary.csv,ad9bca843ff063d1a9cc26d134f8fc43b3cdeb9460f850e9e5afbda6c0d5f0b1
4,H400,3,W,P_C_given_C,330338,347975,2000,0.9493153243767513,True,,2000,2000,0,1.0,True,,0.9486224798302755,0.9500955287631686,0.0014730489328931284,0.0007802043864173491,False,,,HPRF,400000.0,400.0,,,脉宽单特征准则,HIGHER,artifacts/stage10/bootstrap_individual_summary.csv,ad9bca843ff063d1a9cc26d134f8fc43b3cdeb9460f850e9e5afbda6c0d5f0b1
4,H400,3,W,P_C_given_E,17447,50025,2000,0.3487656171914043,True,,2000,2000,0,1.0,True,,0.3256153369109798,0.3730636626087166,0.04744832569773677,0.024298045417312286,False,,,HPRF,400000.0,400.0,,,脉宽单特征准则,HIGHER,artifacts/stage10/bootstrap_individual_summary.csv,ad9bca843ff063d1a9cc26d134f8fc43b3cdeb9460f850e9e5afbda6c0d5f0b1
4,H400,3,W,Mean_L_NC,50323,17745,2000,2.835897435897436,True,,2000,2000,0,1.0,True,,2.6545222846891674,3.034056716042793,0.37953443135362575,0.1981592801453571,False,,,HPRF,400000.0,400.0,,,脉宽单特征准则,LOWER,artifacts/stage10/bootstrap_individual_summary.csv,ad9bca843ff063d1a9cc26d134f8fc43b3cdeb9460f850e9e5afbda6c0d5f0b1
4,H400,4,TW,P_cor,384425,400000,2000,0.9610625,True,,2000,2000,0,1.0,True,,0.9604799375,0.9616625624999999,0.0011826249999998817,0.0006000624999998871,True,0.02,True,HPRF,400000.0,400.0,,,双特征联合准则,HIGHER,artifacts/stage10/bootstrap_individual_summary.csv,ad9bca843ff063d1a9cc26d134f8fc43b3cdeb9460f850e9e5afbda6c0d5f0b1
4,H400,4,TW,P_C_given_C,367500,382496,2000,0.9607943612482222,True,,2000,2000,0,1.0,True,,0.9601942316386493,0.9614400489439301,0.0012458173052808386,0.0006456876957079416,True,0.02,True,HPRF,400000.0,400.0,,,双特征联合准则,HIGHER,artifacts/stage10/bootstrap_individual_summary.csv,ad9bca843ff063d1a9cc26d134f8fc43b3cdeb9460f850e9e5afbda6c0d5f0b1
4,H400,4,TW,P_C_given_E,15009,15504,1999,0.9680727554179567,True,,2000,2000,0,1.0,True,,0.9633512615400976,0.9721008069443076,0.008749545404209913,0.004721493877859029,True,0.02,True,HPRF,400000.0,400.0,,,双特征联合准则,HIGHER,artifacts/stage10/bootstrap_individual_summary.csv,ad9bca843ff063d1a9cc26d134f8fc43b3cdeb9460f850e9e5afbda6c0d5f0b1
4,H400,4,TW,Mean_L_NC,15575,15080,1999,1.0328249336870026,True,,2000,2000,0,1.0,True,,1.028565645237747,1.0378790034017125,0.009313358163965502,0.005054069714709897,True,0.25,True,HPRF,400000.0,400.0,,,双特征联合准则,LOWER,artifacts/stage10/bootstrap_individual_summary.csv,ad9bca843ff063d1a9cc26d134f8fc43b3cdeb9460f850e9e5afbda6c0d5f0b1
5,H500,0,FIRST,P_cor,20,400000,2000,5e-05,True,,2000,2000,0,1.0,True,,3e-05,7.25e-05,4.25e-05,2.2499999999999998e-05,False,,,HPRF,500000.0,500.0,,,首脉冲准则,HIGHER,artifacts/stage10/bootstrap_individual_summary.csv,ad9bca843ff063d1a9cc26d134f8fc43b3cdeb9460f850e9e5afbda6c0d5f0b1
5,H500,0,FIRST,P_C_given_C,0,20,20,0.0,True,,2000,2000,0,1.0,True,,0.0,0.0,0.0,0.0,False,,,HPRF,500000.0,500.0,,,首脉冲准则,HIGHER,artifacts/stage10/bootstrap_individual_summary.csv,ad9bca843ff063d1a9cc26d134f8fc43b3cdeb9460f850e9e5afbda6c0d5f0b1
5,H500,0,FIRST,P_C_given_E,0,397980,2000,0.0,True,,2000,2000,0,1.0,True,,0.0,0.0,0.0,0.0,False,,,HPRF,500000.0,500.0,,,首脉冲准则,HIGHER,artifacts/stage10/bootstrap_individual_summary.csv,ad9bca843ff063d1a9cc26d134f8fc43b3cdeb9460f850e9e5afbda6c0d5f0b1
5,H500,0,FIRST,Mean_L_NC,399980,2000,2000,199.99,True,,2000,2000,0,1.0,True,,199.9855,199.994,0.008499999999997954,0.004500000000007276,False,,,HPRF,500000.0,500.0,,,首脉冲准则,LOWER,artifacts/stage10/bootstrap_individual_summary.csv,ad9bca843ff063d1a9cc26d134f8fc43b3cdeb9460f850e9e5afbda6c0d5f0b1
5,H500,1,LAST,P_cor,16,400000,2000,4e-05,True,,2000,2000,0,1.0,True,,2.25e-05,6e-05,3.7500000000000003e-05,1.9999999999999998e-05,False,,,HPRF,500000.0,500.0,,,末脉冲准则,HIGHER,artifacts/stage10/bootstrap_individual_summary.csv,ad9bca843ff063d1a9cc26d134f8fc43b3cdeb9460f850e9e5afbda6c0d5f0b1
5,H500,1,LAST,P_C_given_C,0,16,16,0.0,True,,2000,2000,0,1.0,True,,0.0,0.0,0.0,0.0,False,,,HPRF,500000.0,500.0,,,末脉冲准则,HIGHER,artifacts/stage10/bootstrap_individual_summary.csv,ad9bca843ff063d1a9cc26d134f8fc43b3cdeb9460f850e9e5afbda6c0d5f0b1
5,H500,1,LAST,P_C_given_E,0,397984,2000,0.0,True,,2000,2000,0,1.0,True,,0.0,0.0,0.0,0.0,False,,,HPRF,500000.0,500.0,,,末脉冲准则,HIGHER,artifacts/stage10/bootstrap_individual_summary.csv,ad9bca843ff063d1a9cc26d134f8fc43b3cdeb9460f850e9e5afbda6c0d5f0b1
5,H500,1,LAST,Mean_L_NC,399984,2000,2000,199.992,True,,2000,2000,0,1.0,True,,199.988,199.9955,0.007499999999993179,0.003999999999990678,False,,,HPRF,500000.0,500.0,,,末脉冲准则,LOWER,artifacts/stage10/bootstrap_individual_summary.csv,ad9bca843ff063d1a9cc26d134f8fc43b3cdeb9460f850e9e5afbda6c0d5f0b1
5,H500,2,T,P_cor,69356,400000,2000,0.17339,True,,2000,2000,0,1.0,True,,0.168989375,0.177528,0.008538624999999994,0.004400624999999991,True,0.02,True,HPRF,500000.0,500.0,,,最优时序准则,HIGHER,artifacts/stage10/bootstrap_individual_summary.csv,ad9bca843ff063d1a9cc26d134f8fc43b3cdeb9460f850e9e5afbda6c0d5f0b1
5,H500,2,T,P_C_given_C,25652,69139,1976,0.37102069743560073,True,,2000,2000,0,1.0,True,,0.36751361932340054,0.37479864127153023,0.0072850219481296885,0.003777943835929498,True,0.02,True,HPRF,500000.0,500.0,,,最优时序准则,HIGHER,artifacts/stage10/bootstrap_individual_summary.csv,ad9bca843ff063d1a9cc26d134f8fc43b3cdeb9460f850e9e5afbda6c0d5f0b1
5,H500,2,T,P_C_given_E,43054,328861,2000,0.13091853397027925,True,,2000,2000,0,1.0,True,,0.12695071468660923,0.13458018636733574,0.007629471680726502,0.0039678192836700155,True,0.02,True,HPRF,500000.0,500.0,,,最优时序准则,HIGHER,artifacts/stage10/bootstrap_individual_summary.csv,ad9bca843ff063d1a9cc26d134f8fc43b3cdeb9460f850e9e5afbda6c0d5f0b1
5,H500,2,T,Mean_L_NC,330644,44837,2000,7.374356000624484,True,,2000,2000,0,1.0,True,,7.181841145642279,7.597386137020586,0.41554499137830714,0.22303013639610203,True,0.25,True,HPRF,500000.0,500.0,,,最优时序准则,LOWER,artifacts/stage10/bootstrap_individual_summary.csv,ad9bca843ff063d1a9cc26d134f8fc43b3cdeb9460f850e9e5afbda6c0d5f0b1
5,H500,3,W,P_cor,351078,400000,2000,0.877695,True,,2000,2000,0,1.0,True,,0.8709588749999999,0.8844975625,0.01353868750000009,0.006802562499999998,False,,,HPRF,500000.0,500.0,,,脉宽单特征准则,HIGHER,artifacts/stage10/bootstrap_individual_summary.csv,ad9bca843ff063d1a9cc26d134f8fc43b3cdeb9460f850e9e5afbda6c0d5f0b1
5,H500,3,W,P_C_given_C,331111,349403,2000,0.9476478450385372,True,,2000,2000,0,1.0,True,,0.9469007406547363,0.9484484145494618,0.001547673894725543,0.0008005695109246647,False,,,HPRF,500000.0,500.0,,,脉宽单特征准则,HIGHER,artifacts/stage10/bootstrap_individual_summary.csv,ad9bca843ff063d1a9cc26d134f8fc43b3cdeb9460f850e9e5afbda6c0d5f0b1
5,H500,3,W,P_C_given_E,18069,48597,2000,0.3718130748811655,True,,2000,2000,0,1.0,True,,0.3493556028932036,0.3960989620386738,0.046743359145470176,0.02428588715750829,False,,,HPRF,500000.0,500.0,,,脉宽单特征准则,HIGHER,artifacts/stage10/bootstrap_individual_summary.csv,ad9bca843ff063d1a9cc26d134f8fc43b3cdeb9460f850e9e5afbda6c0d5f0b1
5,H500,3,W,Mean_L_NC,48922,18394,2000,2.6596716320539304,True,,2000,2000,0,1.0,True,,2.4987006962750606,2.8261839797175954,0.32748328344253474,0.16651234766366496,False,,,HPRF,500000.0,500.0,,,脉宽单特征准则,LOWER,artifacts/stage10/bootstrap_individual_summary.csv,ad9bca843ff063d1a9cc26d134f8fc43b3cdeb9460f850e9e5afbda6c0d5f0b1
5,H500,4,TW,P_cor,383358,400000,2000,0.958395,True,,2000,2000,0,1.0,True,,0.9578,0.9589950625,0.0011950625000000104,0.0006000624999999982,True,0.02,True,HPRF,500000.0,500.0,,,双特征联合准则,HIGHER,artifacts/stage10/bootstrap_individual_summary.csv,ad9bca843ff063d1a9cc26d134f8fc43b3cdeb9460f850e9e5afbda6c0d5f0b1
5,H500,4,TW,P_C_given_C,365370,381442,2000,0.9578651538110643,True,,2000,2000,0,1.0,True,,0.9572203770813256,0.9585110812735925,0.001290704192266956,0.0006459274625282285,True,0.02,True,HPRF,500000.0,500.0,,,双特征联合准则,HIGHER,artifacts/stage10/bootstrap_individual_summary.csv,ad9bca843ff063d1a9cc26d134f8fc43b3cdeb9460f850e9e5afbda6c0d5f0b1
5,H500,4,TW,P_C_given_E,16070,16558,2000,0.9705278415267544,True,,2000,2000,0,1.0,True,,0.9683541983173933,0.9727751305262557,0.004420932208862416,0.002247288999501329,True,0.02,True,HPRF,500000.0,500.0,,,双特征联合准则,HIGHER,artifacts/stage10/bootstrap_individual_summary.csv,ad9bca843ff063d1a9cc26d134f8fc43b3cdeb9460f850e9e5afbda6c0d5f0b1
5,H500,4,TW,Mean_L_NC,16642,16154,2000,1.0302092361025132,True,,2000,2000,0,1.0,True,,1.0278433448761426,1.0325137530642858,0.004670408188143238,0.0023658912263706533,True,0.25,True,HPRF,500000.0,500.0,,,双特征联合准则,LOWER,artifacts/stage10/bootstrap_individual_summary.csv,ad9bca843ff063d1a9cc26d134f8fc43b3cdeb9460f850e9e5afbda6c0d5f0b1
